State,Account length,Area code,International plan,Voice mail plan,Number vmail messages,Total day minutes,Total day calls,Total day charge,Total eve minutes,Total eve calls,Total eve charge,Total night minutes,Total night calls,Total night charge,Total intl minutes,Total intl calls,Total intl charge,Customer service calls,Churn
GA,24,592,false,true,30,483.1,186,67.61,185.7,172,99.99,288.3,11,78.61,9.2,16,7.27,10,false
NY,199,103,false,true,9,415.5,172,38.75,52.3,42,36.6,214.7,174,56.89,8.3,11,2.49,10,true
CA,154,941,false,true,28,256.6,108,57.19,479.1,55,40.67,97.0,184,0.75,13.1,16,4.2,4,true
CA,13,946,false,false,19,171.2,167,61.5,322.0,179,61.15,348.6,81,50.86,14.1,12,5.85,10,true
FL,107,377,true,true,21,431.9,112,67.77,170.8,199,19.41,368.4,156,58.28,6.2,7,9.16,0,true
TN,174,709,false,false,17,454.7,140,88.0,193.0,6,73.32,133.7,139,38.97,10.5,20,1.06,0,false
NY,186,549,false,true,8,392.8,82,44.25,398.5,44,7.76,233.6,150,63.32,7.6,16,3.41,5,false
VA,103,465,false,false,35,168.3,190,57.33,154.0,186,92.09,484.9,26,66.19,10.4,16,9.08,8,true
NM,155,540,true,true,47,20.4,178,6.51,229.5,74,91.74,291.5,40,92.34,17.7,4,0.74,10,true
FL,132,203,false,true,23,166.6,51,11.04,203.1,16,32.78,49.9,89,13.56,9.7,18,6.91,4,false
IL,39,388,true,false,9,277.2,190,77.0,411.3,123,53.18,147.4,87,2.46,19.5,3,3.54,0,true
TX,16,758,true,false,30,447.6,67,60.34,171.0,193,76.34,407.9,19,67.06,0.4,17,2.28,5,false
NY,37,357,false,true,7,185.1,27,85.6,39.8,145,29.91,2.6,114,45.39,14.8,2,5.57,0,false
TX,191,649,false,true,9,46.8,122,10.05,148.5,131,14.16,95.7,145,28.47,11.5,10,1.35,3,true
CA,168,428,true,false,30,405.3,71,66.31,343.3,193,12.62,433.3,161,47.62,3.2,0,4.54,7,false
TX,104,542,true,true,49,14.9,168,65.04,43.1,163,39.86,55.1,165,78.12,7.9,9,9.01,1,true
CA,164,511,false,true,25,188.6,66,55.86,486.2,142,61.03,58.4,92,33.26,18.3,8,5.52,1,false
MD,104,835,false,false,50,349.4,109,75.96,209.3,146,87.18,239.6,92,39.88,1.2,7,9.13,0,false
CA,105,767,true,false,41,284.7,65,30.15,281.7,84,29.23,228.2,177,73.61,9.4,15,1.79,2,true
CA,147,605,false,true,44,473.4,198,86.03,188.6,160,60.79,197.5,130,3.33,17.2,9,9.42,6,true
PA,134,655,false,false,46,229.6,124,55.21,463.1,89,65.61,488.6,91,49.86,19.0,17,2.71,7,false
FL,105,326,false,false,39,238.3,63,61.19,126.3,60,36.29,459.5,49,32.7,7.6,15,5.48,1,true
GA,121,104,false,true,49,28.6,177,54.23,157.8,194,89.82,266.9,26,70.33,17.7,2,6.55,7,false
PA,159,124,true,false,1,194.6,73,64.52,476.8,7,12.04,434.8,8,2.03,18.2,5,6.5,7,false
ID,93,916,true,false,7,452.6,19,25.33,249.7,69,70.34,467.0,133,15.53,5.4,3,5.09,6,false
WA,191,530,true,true,26,301.2,175,32.42,410.7,105,81.87,241.4,74,76.4,7.0,3,2.89,0,false
TX,84,967,true,true,28,258.7,35,8.88,402.4,153,76.56,32.7,188,91.66,12.7,4,7.14,5,true
OK,91,628,true,true,49,175.7,80,84.72,5.3,45,3.32,423.9,91,7.93,15.3,0,7.33,0,false
LA,69,697,true,true,19,176.0,147,85.19,339.2,108,93.62,128.2,84,15.0,0.5,13,7.24,1,true
FL,51,118,false,true,11,319.7,6,94.78,296.9,24,30.64,405.7,165,96.89,10.6,11,4.77,3,false
CA,29,36,false,false,1,177.8,122,90.52,307.7,193,68.34,200.5,185,72.71,3.9,7,5.75,3,true
FL,60,64,false,false,33,285.7,199,63.6,106.7,172,54.25,97.6,179,15.3,1.9,1,2.09,4,true
TN,32,743,false,true,27,234.6,23,4.74,443.9,158,26.01,118.9,168,59.67,4.2,15,1.78,7,false
LA,155,561,false,true,46,337.8,30,39.25,258.7,155,87.46,456.4,104,15.36,13.1,14,1.31,7,false
CA,80,485,true,true,14,310.5,91,8.07,481.6,108,35.15,391.8,185,76.96,2.6,14,2.3,3,false
CT,195,46,false,false,16,441.6,77,78.31,361.6,62,96.96,481.7,148,34.03,7.5,19,2.11,2,true
TX,83,133,true,true,26,134.6,10,82.65,257.0,187,29.98,286.2,116,48.39,1.7,11,2.32,2,false
MO,151,851,true,false,2,253.8,118,30.63,464.4,39,25.68,185.8,135,71.75,8.2,18,5.32,9,true
DC,131,497,true,false,30,20.0,88,40.48,474.8,176,30.02,31.1,128,5.29,0.9,6,2.93,6,true
OK,121,782,true,true,41,173.1,141,93.36,165.1,38,39.01,430.2,28,66.02,11.2,13,2.83,10,false
TX,133,483,false,false,41,289.5,178,94.37,192.5,21,65.35,206.8,59,5.24,16.6,15,9.9,6,false
CA,90,942,true,false,12,472.0,133,12.05,274.8,142,0.29,431.7,92,26.44,6.4,1,1.95,9,true
IL,182,658,true,false,29,389.6,166,64.35,204.1,73,22.03,464.2,157,53.78,6.7,2,2.4,7,true
OK,90,709,false,false,22,328.4,187,51.28,129.3,18,79.71,272.3,55,93.52,17.1,16,1.83,0,true
MI,44,731,true,true,33,494.4,70,64.85,34.1,180,68.52,243.4,51,30.41,4.5,13,8.46,1,true
PA,126,501,true,true,7,344.1,188,70.47,67.0,9,12.19,237.5,83,90.31,3.3,5,6.08,1,true
IL,116,500,false,true,27,158.6,55,14.28,285.8,192,45.0,260.4,126,21.16,1.0,14,9.6,0,true
AZ,197,590,false,false,29,283.9,46,62.7,358.6,82,15.72,158.7,176,98.72,17.1,15,8.28,5,false
PA,172,393,false,true,37,464.8,57,95.16,310.8,77,93.05,22.5,15,75.61,0.7,0,3.59,8,false
KY,151,601,true,true,44,105.3,92,69.28,69.7,86,32.26,292.8,33,14.55,9.8,9,0.9,0,true
FL,124,450,false,false,38,29.5,94,33.88,488.0,68,7.85,34.3,191,29.11,14.3,3,1.96,2,true
NY,106,454,false,false,11,453.2,53,15.53,22.3,132,69.0,451.9,77,87.61,5.3,5,0.19,8,false
CA,68,223,false,true,44,372.1,178,51.03,365.2,73,97.22,251.4,45,97.42,14.4,7,6.36,1,true
CA,94,717,true,false,24,73.5,146,52.49,340.0,47,79.44,8.8,112,12.83,0.6,9,6.45,5,false
TX,195,780,false,true,29,37.6,199,0.56,45.2,47,1.61,499.3,159,5.65,18.6,15,6.8,3,false
FL,122,410,true,false,21,97.7,142,51.05,12.9,149,58.66,191.4,177,79.18,7.3,0,6.26,9,false
PA,130,146,false,false,1,82.4,67,83.26,130.4,16,1.36,71.8,103,11.71,10.6,5,3.76,2,true
CA,173,799,false,false,40,397.9,57,3.34,161.5,36,79.99,366.8,48,66.13,16.5,13,2.87,7,true
CO,41,96,false,true,36,95.5,48,74.19,317.7,170,83.72,12.6,91,3.82,4.7,19,9.43,4,false
SC,134,141,true,false,0,357.1,23,56.66,20.4,151,49.13,351.6,178,38.79,19.8,8,3.61,4,false
MI,193,796,false,false,26,71.9,168,43.19,257.2,141,0.86,303.2,84,55.76,15.7,3,7.78,1,true
FL,41,696,false,false,8,93.5,40,50.24,461.5,13,73.5,271.8,171,47.7,9.4,13,5.81,9,false
OK,181,310,true,true,15,50.4,57,44.54,402.5,70,32.75,136.0,98,92.23,16.2,0,9.49,3,true
NY,50,721,false,true,0,222.5,195,67.26,400.2,126,69.78,122.2,38,46.96,1.5,6,0.9,1,true
CO,93,172,true,false,28,150.6,131,6.35,129.4,68,89.66,361.0,2,32.08,3.2,9,5.4,10,true
CA,41,298,true,true,24,259.8,128,2.47,234.3,61,1.51,199.3,175,81.21,8.6,3,3.73,1,false
NC,85,201,true,false,36,309.8,54,49.26,426.2,85,45.96,74.6,77,47.86,18.1,0,9.42,1,false
CA,162,58,false,false,9,182.3,143,77.65,320.0,179,8.94,193.7,17,22.63,18.5,13,4.37,10,true
IL,57,526,true,false,17,363.7,14,55.61,408.4,26,25.05,20.2,89,84.78,17.1,2,0.99,8,true
OH,140,864,false,false,46,412.3,111,11.66,3.1,61,79.84,299.3,16,69.82,13.2,12,3.07,6,true
NV,125,822,false,true,45,248.2,197,84.0,352.2,25,98.76,131.7,39,82.35,12.8,5,8.11,4,false
TN,140,551,true,false,14,262.5,107,83.6,417.4,49,9.28,218.1,188,77.34,15.9,5,4.72,2,false
IL,85,287,true,true,13,72.4,10,81.18,12.2,2,33.02,297.6,13,78.63,2.7,1,2.61,1,false
PA,107,20,false,true,30,103.0,137,58.07,158.4,193,38.97,61.0,194,76.59,16.8,5,3.67,7,false
KY,183,552,true,false,17,322.3,125,26.51,416.6,100,31.41,396.1,133,99.75,7.9,7,5.92,2,true
IN,43,998,true,false,0,324.8,137,87.6,134.2,13,95.75,221.6,43,78.51,10.7,11,4.12,2,false
CA,195,176,true,true,39,419.6,51,24.49,401.5,100,43.59,408.1,149,9.28,17.1,8,1.95,6,true
OK,106,378,true,false,39,65.8,68,79.86,313.4,176,0.45,179.2,6,93.9,6.2,9,9.51,5,false
VA,73,835,true,true,19,299.4,45,42.27,86.5,127,57.15,283.8,94,60.13,1.8,18,6.18,2,false
SC,24,451,false,true,7,274.3,20,93.72,124.6,46,3.2,484.2,70,73.12,16.9,6,8.98,2,false
CA,94,109,false,true,7,398.4,73,45.2,473.2,115,61.47,98.5,154,6.25,3.5,1,2.96,0,false
LA,121,958,true,true,10,138.9,113,40.33,414.4,22,17.06,413.6,35,59.75,5.6,18,9.71,1,true
MN,137,159,true,false,45,139.1,137,43.02,117.4,117,49.71,424.2,94,35.5,18.0,5,9.27,1,false
NY,124,116,false,false,16,366.2,141,71.44,157.6,30,59.57,396.5,4,84.01,7.7,8,8.3,5,false
NC,192,887,false,false,17,418.7,54,83.38,190.2,165,54.43,73.9,158,44.45,4.2,3,6.4,1,true
TN,111,984,true,true,36,495.8,2,66.42,32.5,46,11.17,299.8,193,9.22,19.8,13,6.56,9,true
IL,94,364,false,false,34,321.6,172,83.45,43.1,4,19.75,25.8,130,5.81,9.4,19,0.18,3,true
IL,131,868,true,false,21,497.2,188,4.31,36.0,173,92.33,87.0,56,49.69,11.1,9,7.07,4,true
CA,11,613,true,false,17,390.4,54,63.94,312.4,14,98.33,42.5,29,83.82,16.9,3,8.36,9,false
GA,94,849,true,true,2,118.2,29,42.66,93.3,78,36.33,175.7,174,3.18,9.2,18,8.34,10,false
DC,175,345,false,false,25,343.8,51,3.8,163.2,141,13.01,424.7,90,37.44,4.3,10,4.85,8,false
TX,92,258,true,false,17,192.1,34,43.41,92.4,12,68.72,366.9,124,44.42,14.1,20,5.66,0,true
TX,193,511,true,true,13,38.5,66,82.2,348.8,100,67.79,121.0,47,83.98,12.6,15,8.79,5,false
TN,130,686,true,false,40,108.6,179,18.18,271.0,111,22.02,246.9,129,18.98,8.5,9,8.89,10,false
NY,113,456,false,true,18,226.3,59,74.65,194.7,178,88.68,379.0,178,69.4,1.1,12,8.41,4,false
WA,137,74,false,false,21,139.5,184,57.69,276.8,61,82.98,12.6,69,72.32,16.7,5,4.72,8,false
VA,25,203,false,false,50,136.0,108,66.6,77.6,76,37.99,489.9,111,86.96,15.9,12,8.63,7,true
AL,143,373,false,true,36,220.4,120,56.74,173.9,146,57.52,395.2,65,20.21,11.2,14,5.52,1,true
TX,95,408,false,false,16,330.8,82,63.03,188.4,81,24.11,326.0,190,25.12,1.8,15,7.91,3,false
OK,164,929,false,false,47,12.9,22,25.68,91.8,185,74.97,44.8,105,84.05,7.6,8,8.04,1,true
MI,196,747,true,false,13,423.6,192,89.75,187.6,157,30.75,209.1,81,10.99,10.8,10,0.1,1,false
NE,75,520,false,true,0,466.7,72,49.76,282.7,184,92.66,134.6,117,34.29,2.0,5,8.72,0,true
IN,49,543,true,false,39,344.4,177,64.84,333.9,115,77.43,479.1,162,17.84,0.5,20,7.2,3,true
MA,61,388,false,true,27,44.8,186,11.03,439.9,123,34.96,477.9,187,61.12,0.9,0,1.83,4,true
NV,134,32,false,true,12,493.0,94,61.79,443.1,114,31.39,244.7,181,15.28,13.5,6,9.68,9,true
NV,151,131,true,true,16,9.6,186,39.33,143.5,200,90.8,164.9,11,78.83,8.7,9,3.32,0,false
IL,125,391,false,true,35,378.5,182,70.99,493.7,121,57.45,483.4,124,5.28,2.9,12,8.07,10,false
TX,31,164,false,true,41,278.0,161,69.86,423.0,151,58.35,146.0,198,38.47,19.8,1,7.36,3,false
AZ,153,569,false,false,50,67.3,36,86.17,291.9,174,61.97,167.0,15,73.16,0.6,19,8.16,4,false
LA,181,322,false,true,19,84.7,60,32.59,19.3,100,51.44,187.9,88,35.75,13.6,11,6.73,3,true
NY,124,299,true,false,21,214.1,44,22.81,253.2,34,3.23,147.7,108,98.61,6.7,20,6.04,6,true
WA,58,114,true,true,2,248.8,60,2.73,172.8,24,70.58,150.7,125,56.48,13.6,17,8.89,8,false
CA,163,350,false,true,37,162.0,10,0.43,339.5,41,99.37,241.4,117,27.42,14.3,3,1.84,0,true
TX,109,317,false,true,38,192.2,38,64.73,456.0,61,16.71,363.4,197,73.45,11.2,12,3.07,8,true
OK,52,4,true,false,1,60.6,183,0.79,191.6,169,3.62,249.8,46,18.27,10.9,11,7.81,10,true
IA,82,725,true,false,3,460.8,80,38.55,71.0,52,28.47,44.7,57,4.69,4.5,17,0.54,2,false
NC,33,179,false,false,0,70.1,42,28.51,203.5,113,69.86,129.7,127,35.99,5.5,15,5.26,7,false
TX,69,700,true,false,24,471.4,164,4.33,223.6,143,48.22,164.7,98,3.18,14.6,10,7.38,1,true
KY,110,671,true,false,36,102.3,21,38.46,263.8,159,15.42,93.8,64,31.96,8.4,8,3.21,4,false
CA,118,349,false,false,41,324.9,13,74.13,475.5,155,90.01,118.6,14,61.89,4.2,8,7.37,1,true
NE,21,244,true,true,42,160.9,74,43.79,187.1,38,41.66,361.1,172,61.57,19.7,12,4.74,1,false
AK,4,442,true,false,40,453.3,88,79.61,248.5,9,30.74,365.4,169,72.24,11.8,19,3.28,2,true
TN,62,10,true,true,27,241.0,179,43.64,490.1,27,40.64,462.0,197,45.43,11.0,11,9.9,4,true
CA,22,914,false,true,25,188.6,21,7.18,420.4,68,25.41,161.5,32,98.53,13.9,19,3.13,9,true
CA,13,137,true,true,6,454.7,113,0.99,234.3,5,9.72,382.8,173,11.93,3.6,20,2.32,5,true
CT,195,641,false,true,28,28.3,81,36.12,121.3,129,58.89,200.9,129,33.6,11.4,1,2.76,1,true
TX,9,178,false,true,5,438.9,187,77.11,198.5,101,68.63,343.0,43,85.76,13.5,3,8.51,9,false
FL,72,251,false,true,2,307.0,98,10.68,435.9,77,1.33,22.8,184,97.27,13.4,12,6.42,3,true
TX,156,609,false,false,23,430.5,187,63.07,385.4,14,85.45,454.8,54,23.79,3.8,10,0.62,8,false
MA,89,751,true,true,43,469.9,179,1.14,93.2,68,27.86,405.3,117,80.57,12.7,8,1.8,0,true
PA,96,125,false,false,21,326.2,6,48.21,284.8,146,86.11,365.6,9,81.82,18.4,15,5.77,6,false
NY,100,724,true,false,3,228.5,123,75.01,173.1,92,25.1,135.3,147,47.82,2.1,5,4.46,0,false
PA,133,413,true,false,20,52.0,115,8.14,89.4,96,70.16,454.8,110,44.61,4.8,8,9.05,8,true
FL,167,868,true,true,39,432.4,130,7.91,99.1,76,67.63,47.9,77,51.33,12.9,20,8.17,2,false
GA,7,205,false,true,42,314.7,90,91.53,88.3,198,41.64,123.2,185,99.62,12.7,16,3.49,10,true
AR,173,89,false,true,30,96.2,169,30.09,174.0,91,88.41,160.5,34,32.47,19.0,1,2.34,3,false
CA,38,526,false,true,22,218.3,100,77.81,146.1,167,59.0,340.4,137,74.68,0.5,8,4.76,6,false
DC,34,814,true,false,8,337.9,7,36.41,124.8,143,86.77,144.1,10,26.87,2.4,17,0.69,3,false
VA,53,123,false,false,4,54.7,76,38.36,121.5,59,39.71,313.6,166,68.28,3.8,3,1.08,0,true
KS,98,825,false,false,3,145.2,194,64.67,446.7,118,49.68,486.5,113,34.43,3.2,20,9.11,2,false
PA,107,637,false,true,36,282.1,153,45.35,302.8,106,30.19,99.2,59,14.25,0.9,19,2.65,5,true
MO,13,578,true,true,49,270.3,93,13.44,421.2,25,70.03,473.5,79,5.59,1.8,9,3.44,6,false
TX,70,461,false,false,11,131.8,140,94.27,68.4,193,45.13,41.4,24,55.9,16.1,18,4.65,1,false
NM,53,779,true,false,17,142.9,97,15.43,200.8,99,93.58,140.1,93,33.26,1.1,14,8.58,3,true
OH,127,775,true,false,18,17.7,30,68.21,185.4,154,97.27,418.8,118,25.98,19.2,13,9.59,8,true
CA,33,447,true,true,13,149.1,124,62.5,99.3,191,19.18,207.0,57,62.06,7.0,0,1.76,7,true
NY,151,436,true,true,32,94.5,106,33.95,459.7,140,39.06,95.4,187,1.44,2.1,14,5.39,1,true
IL,85,824,false,true,50,87.4,144,17.81,182.2,55,99.9,367.8,86,20.51,0.7,12,0.07,3,true
CA,165,373,true,true,19,135.6,181,20.57,211.1,82,42.05,343.8,167,23.68,7.7,6,4.49,2,false
TX,190,877,true,true,33,368.9,179,89.14,16.5,104,62.49,287.8,104,15.02,12.7,14,9.81,0,true
PA,200,68,false,false,26,267.8,110,20.6,195.5,43,64.51,460.2,88,94.21,0.1,20,5.0,2,false
CO,117,860,true,false,36,71.0,154,3.58,490.5,100,87.7,72.7,43,68.79,9.1,12,1.35,7,false
DC,160,924,false,true,30,247.3,8,24.29,263.6,189,51.58,360.8,186,85.84,18.2,10,6.27,4,false
DE,191,922,true,false,0,279.2,110,15.85,393.2,129,90.98,365.3,112,96.83,13.5,5,2.18,8,false
NY,170,756,true,false,18,303.2,69,70.16,324.3,152,69.99,468.9,14,57.1,12.1,7,3.23,0,true
MT,62,421,false,true,15,112.8,47,20.36,245.8,159,12.11,165.1,40,12.29,5.2,3,8.86,6,true
NY,73,66,true,true,36,370.1,100,43.2,182.1,71,75.47,228.2,127,14.13,6.5,1,3.62,5,false
NE,133,914,false,false,29,175.1,57,99.35,17.5,109,10.2,396.0,87,82.49,17.4,2,1.02,9,true
NY,185,849,false,true,21,67.3,35,56.57,436.7,178,98.47,98.0,26,32.76,18.1,3,1.57,7,false
VA,65,737,true,false,31,411.4,140,65.83,429.7,149,5.89,286.9,9,96.28,18.9,20,5.44,2,false
ID,31,881,true,true,46,4.7,198,99.25,225.6,75,87.85,309.4,182,0.8,12.2,16,8.36,1,true
LA,81,933,true,false,28,433.1,125,25.89,413.8,118,44.81,93.6,173,44.19,15.1,8,9.16,6,false
KY,110,888,true,false,7,29.3,177,30.67,242.4,196,44.89,170.8,173,94.71,18.6,7,5.52,5,false
CA,15,49,false,false,19,422.1,170,8.44,180.7,78,18.85,434.2,85,54.55,9.8,14,0.7,8,true
NY,40,610,true,false,33,356.9,80,54.9,195.8,188,49.33,238.0,50,74.59,16.1,20,4.37,4,false
LA,119,203,true,true,18,327.9,92,20.03,312.3,97,8.12,489.0,47,44.55,11.7,2,9.52,0,true
TX,111,37,false,true,2,297.9,70,65.08,67.5,142,69.85,451.6,53,33.41,0.7,1,5.08,10,false
FL,28,342,true,true,46,68.0,149,22.04,244.0,43,24.92,205.4,59,89.89,14.2,7,2.57,1,true
CA,105,599,false,false,8,411.9,181,4.42,407.7,151,37.82,177.5,140,89.98,15.8,2,0.31,3,true
MI,158,134,false,false,5,401.6,198,47.94,117.9,142,93.38,463.5,25,58.53,9.6,20,0.32,6,true
IA,186,54,true,false,8,326.9,6,15.94,207.9,47,65.05,11.9,100,32.95,17.4,16,2.03,3,true
CA,165,460,false,true,34,424.4,114,79.8,108.0,82,7.36,474.1,21,82.73,2.0,8,6.15,5,true
FL,184,180,true,true,30,70.6,93,13.93,168.8,86,47.31,67.0,47,94.81,18.0,10,8.76,8,true
NY,85,53,false,false,42,283.3,95,57.9,401.3,152,64.58,379.2,52,66.72,10.7,2,1.34,3,true
UT,42,150,false,false,19,227.6,32,79.37,178.0,68,33.96,63.5,64,2.53,12.3,9,5.79,2,false
NC,154,359,false,true,4,471.3,156,59.7,41.7,77,28.98,456.3,8,40.99,4.5,11,2.53,1,true
OK,119,134,false,true,8,79.2,33,4.89,145.1,41,51.15,254.4,95,18.52,16.7,12,7.18,1,false
FL,147,475,true,false,42,478.8,130,77.73,111.9,81,69.53,231.4,36,17.52,19.2,15,1.57,0,true
DC,137,279,true,true,3,72.2,124,89.16,273.6,117,6.38,40.5,66,77.38,8.9,4,3.17,6,true
VA,14,980,false,true,31,25.8,132,18.14,182.6,40,70.25,411.0,0,11.84,10.4,4,9.12,10,true
NY,143,227,false,false,38,276.2,52,26.3,113.3,103,35.52,389.5,5,0.69,7.0,11,1.11,2,false
MD,51,752,false,false,34,226.5,40,54.66,295.8,124,8.38,185.8,7,10.0,2.1,2,2.22,7,true
TX,1,170,true,true,38,35.2,171,94.7,221.1,102,97.62,15.3,35,75.42,2.5,5,6.93,1,false
MI,78,128,false,false,9,367.6,51,30.09,397.7,26,8.08,224.4,64,36.09,14.8,2,8.06,6,false
MI,78,444,false,false,27,29.1,71,47.41,126.7,199,55.22,446.8,121,15.58,8.6,20,2.56,0,false
TX,53,318,true,true,39,202.8,3,92.56,394.9,191,75.99,460.4,140,57.87,15.5,20,7.4,5,false
MI,91,44,false,true,36,213.4,42,41.79,104.6,25,93.68,408.2,110,46.43,13.7,5,5.89,9,true
NC,53,64,false,true,11,265.3,140,16.09,346.7,129,83.05,30.3,19,59.03,13.8,18,7.56,6,false
DC,148,932,false,false,35,172.4,125,17.72,192.6,5,53.45,185.5,95,59.38,9.1,15,1.54,5,false
CA,155,117,true,false,8,423.0,163,51.39,303.7,197,97.78,255.6,158,8.29,18.3,1,3.28,8,true
CA,75,487,true,false,37,330.8,200,80.34,44.8,178,74.55,420.0,118,86.01,0.4,1,7.06,0,true
NC,22,940,true,true,0,188.8,69,4.83,169.8,71,89.38,61.0,11,55.96,13.1,7,4.21,9,false
CT,7,132,false,false,14,35.6,199,49.2,235.1,74,1.27,187.3,196,64.14,0.8,19,5.65,2,false
PA,0,102,true,true,22,61.1,65,67.7,135.4,57,18.81,345.7,146,48.29,2.8,20,9.11,3,false
LA,114,773,true,true,36,187.0,106,24.48,250.5,175,22.13,414.4,40,21.76,8.3,1,8.44,3,false
VA,65,624,false,true,10,112.2,85,86.97,260.5,100,56.41,272.1,137,38.35,10.1,1,3.36,9,false
FL,5,859,false,true,7,161.4,169,90.6,50.8,11,26.93,265.5,50,23.52,19.4,8,0.83,0,true
DC,14,448,false,false,20,144.4,0,67.75,412.9,140,11.74,493.6,81,32.4,3.7,1,6.6,8,true
NJ,17,294,false,true,31,175.3,175,84.01,447.3,120,26.63,438.7,188,72.07,14.2,5,7.91,8,false
FL,87,368,false,false,40,108.7,105,85.11,194.3,200,90.47,17.9,184,3.54,1.6,4,4.15,8,false
IA,132,515,false,true,22,396.8,140,50.44,331.9,162,82.83,498.2,88,73.6,18.4,16,2.73,4,false
MA,117,533,false,false,15,19.3,2,36.95,375.3,5,16.12,164.0,177,76.51,2.9,9,3.89,2,false
TX,62,213,false,true,42,67.4,193,77.48,428.0,17,68.76,140.6,195,19.12,8.0,12,1.2,7,false
OH,117,699,true,false,50,308.8,52,61.58,267.2,37,30.73,203.2,113,57.3,8.6,10,6.17,2,true
TX,138,471,true,false,3,117.9,178,97.19,457.0,51,52.89,142.9,14,95.98,8.0,7,7.14,0,false
MN,36,46,true,false,36,240.8,49,31.73,326.1,133,65.41,261.2,118,37.95,12.8,0,2.07,7,false
CA,70,239,true,false,16,320.8,186,56.19,355.0,184,54.74,234.1,199,81.8,17.9,14,3.87,6,true
FL,169,7,false,true,19,207.1,165,25.36,392.2,103,34.76,167.1,77,91.36,16.3,7,7.89,5,false
CA,171,971,false,false,40,322.9,74,96.52,117.1,5,15.32,401.3,150,16.28,5.0,8,3.39,9,true
FL,65,8,true,false,20,227.8,91,7.32,488.6,145,32.99,33.8,95,28.78,19.5,20,3.96,6,true
TN,73,358,true,true,22,129.4,194,40.79,23.7,110,61.63,375.0,199,45.2,6.9,7,7.31,5,true
NE,113,35,true,true,27,171.5,170,25.25,213.7,163,32.71,427.1,70,81.46,19.7,0,2.53,10,true
VA,131,317,true,false,18,351.4,171,41.33,452.8,60,0.9,397.3,9,68.42,11.9,19,4.74,9,false
TX,86,568,true,false,25,78.4,135,21.97,134.8,129,48.8,411.5,159,85.11,12.8,20,0.06,10,true
VA,141,487,true,false,26,72.0,73,43.14,345.7,61,60.6,232.8,109,22.02,4.3,10,4.62,8,true
OH,40,613,true,true,48,428.7,65,16.25,281.8,121,74.09,288.3,17,97.06,7.3,20,0.31,0,false
PA,113,541,true,true,13,365.2,5,26.3,63.8,78,40.83,486.5,58,75.29,3.9,13,8.85,8,false
NY,42,56,false,false,23,199.5,57,75.56,230.3,7,69.28,40.0,53,33.39,4.9,7,4.11,9,false
TX,19,77,true,false,15,474.7,100,6.53,479.1,23,97.87,317.1,160,18.05,13.7,10,3.34,7,false
NY,170,370,true,true,4,217.8,100,91.56,0.6,24,33.64,93.5,119,68.52,6.2,2,3.49,8,false
PA,161,931,true,true,39,145.9,9,15.72,189.0,146,77.4,52.3,142,27.72,17.6,17,9.53,7,false
WA,32,539,false,false,37,74.6,192,41.1,295.5,87,87.29,379.2,107,98.66,4.9,3,5.0,0,true
CA,77,993,true,false,7,311.1,73,24.0,141.5,127,17.51,381.9,178,83.73,0.9,19,6.32,0,true
MA,34,580,true,true,41,265.1,138,70.27,291.7,54,11.24,318.5,71,31.95,16.2,15,8.06,0,false
NJ,179,490,true,true,50,415.5,2,57.46,44.2,125,54.85,180.4,199,62.59,3.0,19,8.85,9,true
MA,10,423,false,true,48,164.1,166,26.12,410.5,33,12.36,295.3,78,59.0,16.2,3,7.88,4,true
VA,72,241,false,false,16,69.2,51,71.12,176.5,183,6.95,493.6,193,56.26,8.6,7,2.65,2,true
TN,194,199,true,false,42,148.0,169,53.16,211.3,16,6.58,468.7,161,0.26,2.5,16,7.57,2,false
GA,184,303,false,true,8,373.2,51,15.85,412.3,40,20.63,267.0,170,81.68,15.8,11,8.5,8,true
CA,54,44,true,false,49,464.0,49,46.01,387.2,14,2.35,207.6,70,4.31,2.7,20,0.29,10,false
CA,60,615,false,false,32,65.1,25,66.65,21.8,3,99.91,401.9,64,18.59,10.4,5,1.37,9,true
NY,124,471,true,true,50,278.1,61,93.92,109.6,36,84.91,484.9,187,59.45,11.1,19,6.27,1,true
WV,198,418,true,true,3,110.2,155,2.83,258.4,38,32.8,499.8,160,90.7,1.8,2,3.92,6,true
GA,76,121,true,false,23,223.8,129,54.81,71.8,65,96.87,335.5,85,73.93,11.3,11,1.97,7,true
CA,92,987,false,true,11,202.4,48,7.26,56.7,40,69.5,450.6,100,92.55,10.7,4,8.99,10,false
AZ,38,612,false,false,12,79.0,107,92.5,118.8,111,98.91,288.5,64,6.12,7.1,3,7.82,10,true
FL,74,649,false,false,27,296.7,30,16.35,373.0,172,96.82,352.5,99,38.53,11.1,15,9.74,2,false
MN,116,229,true,false,14,275.2,11,4.39,78.0,189,89.14,312.2,134,20.06,0.1,1,8.34,3,false
MA,118,80,true,false,46,175.3,32,10.16,245.8,140,18.8,126.5,13,45.17,10.9,10,3.01,8,false
TX,33,389,true,true,46,354.8,88,61.96,384.0,151,80.27,103.7,171,17.33,7.7,9,0.01,10,false
NC,27,627,true,true,34,416.7,107,8.34,484.6,126,99.4,293.1,10,40.86,19.1,18,1.81,0,false
CA,91,81,true,true,29,495.2,1,64.89,50.6,133,17.07,431.5,178,77.96,14.0,5,5.57,5,true
LA,6,896,false,false,14,67.4,161,80.62,434.6,3,56.27,341.1,39,42.07,2.0,14,7.46,5,true
CA,194,58,false,true,9,153.7,93,56.09,391.1,191,93.97,478.5,178,48.73,10.3,16,7.69,3,true
VA,30,544,false,false,12,194.4,55,12.74,235.0,139,2.03,165.9,54,52.1,4.3,11,0.08,9,true
MN,7,412,true,false,18,480.8,77,28.24,499.6,155,40.75,243.6,21,94.03,1.4,4,1.56,7,false
MS,93,375,true,true,37,319.6,197,55.08,246.4,83,96.69,59.5,79,5.42,7.1,17,4.07,8,true
PA,173,169,true,true,34,440.6,161,81.99,7.6,66,11.95,305.5,75,35.06,0.6,18,4.76,2,false
AZ,149,696,false,true,8,280.0,199,59.63,435.5,17,33.5,467.7,44,26.91,10.5,14,5.77,10,true
GA,105,709,true,true,22,397.0,178,70.48,253.3,173,21.21,288.5,165,41.48,16.3,14,0.95,8,false
NE,15,860,false,false,16,25.3,159,56.47,76.9,24,94.94,396.6,187,94.73,3.8,15,1.59,7,true
OR,181,92,true,true,29,50.8,199,69.91,78.1,139,45.98,105.5,51,21.49,0.8,6,4.72,3,false
CO,40,344,false,true,44,278.6,59,4.73,85.6,36,88.57,281.5,26,84.0,0.8,8,7.82,3,false
VA,81,836,false,true,8,33.1,173,14.17,404.1,84,4.02,425.3,169,33.86,1.9,8,0.72,2,false
CA,35,95,true,true,25,90.8,70,58.09,244.8,180,88.75,124.8,169,73.18,9.2,1,4.14,9,true
DC,169,219,true,false,40,105.9,114,30.85,325.2,103,23.33,420.6,48,39.72,19.5,14,4.15,0,true
CO,32,61,false,false,24,242.9,57,34.77,272.0,124,45.46,256.2,136,65.33,8.5,18,7.11,3,true
NC,67,51,true,false,35,411.5,90,25.74,279.9,21,45.52,473.0,60,65.09,3.7,5,9.59,3,false
AZ,75,508,true,true,30,367.8,99,48.51,17.1,91,97.62,435.0,51,19.54,1.4,15,5.83,10,true
FL,67,24,true,true,27,102.9,185,90.22,439.0,130,86.57,485.2,28,34.56,1.2,11,2.48,7,false
FL,150,329,false,false,41,163.5,55,56.75,408.0,192,61.48,1.2,176,32.93,7.5,18,8.19,4,true
CT,34,196,true,true,15,312.0,143,98.68,370.1,37,27.85,443.5,123,91.29,1.8,10,2.81,5,false
NV,95,391,false,true,19,115.7,54,61.26,191.5,168,67.68,481.0,159,0.41,13.5,2,7.81,5,true
GA,78,426,true,false,8,170.4,186,10.71,80.1,12,76.42,493.3,35,46.1,4.5,3,0.13,2,true
OR,123,581,false,false,13,457.1,190,1.48,356.5,97,20.06,248.6,60,20.47,9.4,12,2.24,9,false
CT,119,17,false,true,50,117.5,119,24.58,430.6,20,18.39,231.5,195,22.71,13.8,7,8.77,8,false
AZ,3,214,true,true,14,353.7,123,5.76,153.3,127,62.09,95.6,29,69.07,9.8,2,6.24,6,false
MT,151,880,false,false,15,265.6,23,8.21,15.9,156,41.17,350.1,34,83.15,8.6,20,5.32,4,false
SC,148,889,true,false,21,34.8,52,43.75,257.8,158,1.85,119.4,140,61.5,19.1,17,8.06,6,true
FL,40,826,true,false,30,375.7,92,68.72,18.5,67,40.51,276.5,70,59.78,2.9,13,2.53,8,false
PA,112,22,true,true,5,18.7,111,54.66,425.2,145,48.15,135.8,147,84.91,7.4,6,7.85,5,true
FL,8,842,false,true,4,243.1,119,39.93,436.7,146,14.48,84.1,197,74.67,19.7,8,4.58,10,false
VA,86,104,false,true,50,203.9,110,87.24,241.0,44,17.54,242.5,72,6.3,2.4,6,5.53,2,false
NY,121,668,false,false,30,469.4,185,48.69,175.0,127,99.0,337.3,199,99.01,12.7,2,4.91,0,true
CA,85,534,true,false,27,224.5,1,4.87,352.8,164,57.83,56.9,142,37.12,15.6,19,0.03,10,false
TX,190,39,true,false,16,316.9,191,5.61,300.5,28,43.68,99.9,97,0.73,2.4,12,9.46,6,true
NC,170,290,false,false,24,492.7,172,89.69,258.4,95,28.0,241.3,13,4.32,5.1,13,0.69,8,true
AZ,144,250,false,false,45,25.1,137,21.0,304.9,93,26.6,105.8,111,11.6,3.3,2,3.39,5,true
AL,196,796,false,true,49,302.2,71,56.54,24.7,132,44.52,189.2,23,46.33,3.9,8,0.41,8,true
IN,155,338,false,true,23,317.4,84,5.67,390.0,45,83.74,297.9,92,67.06,1.4,6,2.97,8,true
IL,200,937,true,false,47,251.2,196,85.57,297.3,13,78.59,120.0,132,1.74,12.9,7,8.99,4,false
AZ,198,875,true,true,17,142.2,6,43.89,304.1,7,27.36,319.1,125,11.27,8.5,10,7.29,10,true
FL,66,643,true,false,36,95.0,77,27.78,93.5,98,97.68,49.1,58,41.53,2.9,16,2.01,4,true
UT,164,13,true,false,36,101.5,158,19.26,380.8,178,99.6,268.5,114,68.24,3.0,16,2.13,6,true
FL,81,859,false,true,10,359.8,24,20.86,481.9,78,9.19,170.3,110,42.65,3.4,1,7.68,8,false
CA,155,676,false,false,32,498.3,78,53.61,302.0,102,68.52,176.0,143,23.64,8.6,20,7.55,6,true
TX,81,979,false,false,4,261.6,2,20.7,443.5,0,90.52,30.7,40,9.29,8.2,17,7.32,4,true
FL,114,467,false,true,46,192.3,79,94.64,359.4,57,23.25,7.9,153,52.92,14.4,9,3.76,2,true
TX,196,878,true,true,10,91.2,94,47.45,19.0,152,87.97,453.3,31,4.28,14.5,2,3.55,0,true
IL,140,164,false,false,46,406.7,7,93.99,408.9,110,95.69,298.9,127,41.19,8.4,17,4.21,5,false
FL,161,341,true,true,34,112.0,145,83.74,164.7,184,24.91,277.1,159,20.87,15.7,9,3.52,9,false
NY,183,684,true,false,3,198.9,74,85.26,452.2,147,87.34,308.1,114,89.13,4.0,7,8.95,0,false
TX,86,217,false,true,41,432.2,175,60.7,432.6,98,58.7,461.9,120,25.61,10.4,2,7.37,4,false
LA,86,655,false,false,42,200.0,195,97.77,223.6,142,77.01,120.3,84,77.71,7.2,18,1.34,5,false
TX,16,327,true,false,19,385.9,52,78.94,349.8,120,69.36,407.5,20,19.46,10.7,7,6.19,5,false
VA,187,919,false,true,48,473.7,80,25.59,186.4,154,25.59,216.7,180,73.78,0.6,12,6.59,8,true
NV,37,28,false,true,1,138.8,144,38.39,432.8,108,82.92,212.0,83,67.29,9.1,12,0.01,4,true
TX,169,580,true,false,20,358.2,116,68.3,256.1,122,12.51,412.5,129,70.17,9.6,10,3.93,4,false
IL,57,714,true,true,28,238.4,116,54.57,71.8,100,50.09,102.2,123,83.49,2.2,17,7.73,7,true
MN,174,172,false,false,12,13.5,185,58.93,412.7,33,38.9,447.4,40,10.61,17.1,13,8.41,8,true
NY,61,507,true,true,47,72.2,171,42.73,167.1,11,72.87,173.4,64,41.11,10.3,8,9.48,8,true
TX,46,511,false,false,44,477.7,134,21.13,161.8,200,44.15,99.3,87,90.91,12.0,8,0.92,7,true
CA,141,360,true,true,29,463.0,123,16.94,39.3,65,22.84,191.4,19,88.13,2.1,5,1.18,4,true
CA,49,897,false,false,21,52.6,95,27.35,91.2,116,75.5,110.1,7,45.13,7.1,3,9.79,3,true
VA,175,59,false,false,36,129.4,129,79.81,195.5,74,48.76,298.2,88,78.28,14.9,18,9.7,4,true
NM,91,496,false,true,3,439.3,7,98.06,100.0,87,43.43,98.2,117,36.56,18.2,8,2.56,10,false
NC,54,574,false,true,19,273.9,67,15.72,328.7,90,56.48,117.1,30,69.54,16.2,2,6.59,2,true
GA,181,397,false,true,42,9.9,142,29.7,197.2,4,80.76,485.0,84,98.15,8.2,4,2.58,8,false
IA,134,111,false,true,42,276.8,9,63.99,492.5,52,75.47,410.2,33,28.52,16.1,4,3.3,6,true
TX,64,154,false,true,35,34.2,190,31.68,252.0,176,67.81,197.4,194,37.27,16.9,1,2.83,7,false
IL,158,994,true,false,38,351.9,148,87.89,37.6,39,81.77,169.8,104,28.77,11.1,12,6.66,7,false
KY,137,707,false,false,20,351.9,10,30.1,179.2,122,7.45,219.1,149,1.34,15.2,2,7.11,5,false
NY,15,936,false,false,39,365.4,83,14.93,359.8,164,44.63,495.0,198,57.26,17.3,6,0.36,2,true
SC,100,552,false,true,28,251.4,196,71.37,448.9,18,10.09,270.5,59,64.98,13.4,17,0.16,0,false
TN,6,833,false,false,16,65.5,136,49.11,399.5,99,28.03,19.7,83,72.32,14.0,9,8.33,3,false
OK,127,798,true,false,18,196.1,114,47.12,329.3,97,44.23,17.6,9,15.47,4.0,11,6.23,1,true
TN,34,510,false,true,50,347.1,188,91.62,372.9,93,7.33,428.1,30,69.83,2.1,3,8.63,8,true
TX,69,913,true,true,48,276.6,200,93.92,191.2,106,63.4,41.5,55,34.77,5.5,5,0.31,9,false
NE,21,560,true,false,6,444.5,7,6.43,109.1,135,35.6,266.6,120,66.27,12.6,0,8.61,8,false
IN,19,139,false,true,49,337.3,150,66.02,209.2,16,72.74,29.2,21,66.46,2.0,15,6.94,4,false
OH,38,262,true,true,9,121.8,106,13.03,328.2,25,1.08,270.4,11,48.24,8.8,13,3.89,0,true
CA,93,180,false,true,29,325.4,23,38.93,245.2,155,95.81,57.7,97,58.78,14.8,17,7.39,8,true
MN,129,826,true,false,28,450.5,117,30.91,28.7,165,26.52,285.8,80,70.94,11.7,10,0.97,10,true
NE,63,649,false,false,10,384.6,171,97.85,94.9,156,89.73,264.5,170,91.39,7.5,7,0.92,3,true
FL,167,538,true,true,9,204.0,181,60.7,146.1,23,3.79,469.3,53,11.37,14.8,12,5.82,7,true
FL,109,326,false,true,13,463.1,109,73.1,312.6,106,72.17,263.5,55,23.98,17.3,0,2.59,4,false
UT,115,576,true,true,48,1.0,71,35.34,185.9,20,66.14,202.8,178,99.28,1.9,3,6.95,3,false
NY,39,187,false,true,1,63.7,115,82.59,214.6,193,90.68,103.3,140,98.46,3.0,2,1.48,4,false
CA,151,22,true,false,12,161.3,70,29.72,171.4,130,93.83,122.9,10,86.05,17.7,8,5.97,3,true
CA,2,821,false,true,1,287.8,140,49.3,45.6,73,82.75,414.3,74,62.57,12.3,18,3.5,1,true
TX,29,96,false,true,8,265.1,176,54.71,215.5,126,51.55,11.5,25,29.07,6.5,13,8.24,8,true
GA,94,404,true,true,41,364.5,180,93.13,26.8,31,10.69,173.5,167,61.63,16.3,6,8.41,1,false
CA,6,975,false,true,19,323.2,23,20.63,205.0,112,55.55,9.5,133,51.97,11.7,17,7.92,9,false
FL,149,124,true,true,9,162.9,184,22.07,31.4,77,8.31,196.4,191,31.37,13.9,0,3.76,7,false
OK,105,502,false,true,40,125.1,101,29.27,368.2,1,81.62,106.2,77,68.72,2.5,9,6.81,5,false
ID,157,618,true,true,26,238.3,3,54.01,220.6,192,21.99,68.9,72,72.9,10.4,4,8.8,9,false
TX,60,346,false,true,38,64.7,172,94.86,280.2,17,38.94,352.3,197,51.15,14.8,1,2.39,10,true
NV,134,537,false,false,18,347.9,161,65.05,307.6,77,6.75,444.8,182,63.98,18.0,2,2.18,0,true
NY,167,358,false,false,43,51.9,49,25.63,175.7,166,48.41,455.7,84,73.87,9.7,6,9.32,10,false
TX,74,536,false,true,27,276.1,173,93.82,130.9,10,70.61,422.6,110,94.84,8.5,0,4.45,6,false
TX,22,515,false,false,2,306.3,73,17.02,40.9,159,48.55,250.3,125,83.02,0.3,4,9.49,9,false
NJ,145,761,false,false,31,350.1,154,54.65,304.2,163,48.91,246.1,54,5.4,7.6,10,3.06,0,false
CA,147,156,false,true,21,279.3,72,20.05,345.6,175,10.61,233.0,34,26.05,8.1,5,3.89,6,false
CA,82,731,true,true,26,430.5,197,90.46,314.9,33,13.94,259.5,84,60.59,18.0,9,6.74,9,false
KY,75,245,true,true,9,268.5,10,80.61,465.3,85,52.96,341.3,96,25.89,17.5,16,0.42,1,false
NY,0,254,true,true,14,429.3,66,30.4,325.5,184,46.85,359.2,103,72.76,10.5,19,7.5,4,true
IL,35,447,true,false,47,364.4,106,96.61,232.0,200,48.97,264.4,112,36.93,3.6,17,7.58,10,true
MA,78,499,true,true,4,30.5,198,82.84,193.5,125,81.7,318.4,13,61.27,3.1,6,3.18,0,false
IL,167,512,true,false,8,2.1,34,80.37,358.5,73,98.65,384.1,196,80.17,4.2,6,9.31,4,false
KS,2,514,false,true,19,146.8,69,42.44,138.4,113,28.31,209.9,7,29.85,2.0,0,7.17,10,true
TX,101,992,false,true,30,34.6,174,76.62,77.9,23,97.36,406.7,173,77.33,8.7,19,0.44,8,false
TX,123,524,true,false,30,278.9,144,81.28,199.9,156,89.05,149.9,13,82.21,18.5,2,4.93,0,false
GA,86,131,false,true,0,474.1,92,48.45,403.8,178,85.89,93.4,147,31.64,19.7,1,7.29,8,false
WA,83,418,true,false,0,312.7,183,28.42,101.5,178,34.85,274.5,100,78.09,19.2,12,2.83,1,true
TX,54,171,true,true,2,441.4,180,64.02,240.2,43,55.45,43.0,166,24.46,10.4,0,8.09,1,false
AZ,85,769,true,true,5,383.5,57,37.98,103.6,102,50.83,234.1,173,33.07,4.0,16,4.68,7,false
MA,52,529,true,true,25,176.6,65,64.44,467.1,79,5.91,181.1,96,69.1,16.6,17,9.01,5,false
CT,184,245,true,false,35,276.1,161,31.89,415.7,157,31.22,82.9,64,77.21,0.2,7,5.38,5,false
CA,53,287,false,true,19,267.3,52,20.16,164.5,6,70.03,127.1,158,84.25,20.0,4,6.37,9,true
GA,142,429,true,true,41,416.6,45,95.84,242.9,184,69.16,406.2,64,35.25,5.8,15,9.05,5,false
KY,7,992,false,false,16,9.5,186,56.09,357.7,22,21.59,3.8,18,41.78,15.7,5,8.89,3,false
MN,137,748,false,false,23,160.4,64,47.74,44.1,168,5.57,270.0,66,98.33,8.0,20,5.29,0,true
LA,33,427,false,true,28,176.0,127,71.66,446.3,44,99.68,90.0,125,72.03,8.9,16,2.89,6,true
FL,31,359,false,true,22,317.6,35,85.78,173.3,14,52.54,460.8,49,54.4,1.8,11,8.81,6,false
OR,166,357,true,true,13,300.4,162,35.84,329.2,179,1.44,420.1,195,75.65,13.0,2,2.08,10,true
MO,187,621,false,true,50,371.6,75,81.63,94.1,59,98.55,370.8,3,92.19,16.8,10,3.8,5,false
FL,173,489,false,true,29,181.4,162,45.56,9.0,39,20.99,266.7,97,17.88,6.7,14,6.62,6,false
WI,93,535,false,true,7,457.1,31,22.78,413.2,115,44.51,26.7,175,76.5,0.6,13,4.96,6,true
DC,149,209,true,false,16,317.8,188,87.66,214.0,131,47.17,109.4,14,41.41,17.9,14,2.81,9,false
TX,151,635,false,true,23,362.7,147,86.35,386.7,165,26.18,122.6,62,40.36,19.6,14,7.03,4,true
KS,110,12,true,true,37,181.6,145,61.41,106.3,50,73.58,22.8,27,46.36,0.9,6,5.69,6,true
NE,159,479,true,false,39,182.8,19,67.67,119.6,13,32.99,292.6,62,73.3,15.6,3,4.31,9,true
VA,116,587,true,false,16,305.9,116,1.11,26.5,151,1.67,400.5,78,72.73,16.8,9,4.59,0,true
NC,159,645,true,false,15,221.6,8,21.81,161.3,47,85.36,13.9,138,57.72,9.6,5,6.82,2,true
VA,93,1,false,false,29,265.0,193,9.62,206.9,178,69.54,253.0,84,7.68,16.3,14,5.67,0,false
TX,87,629,false,true,4,356.5,155,78.44,145.3,157,64.82,123.6,69,11.37,2.1,8,1.36,0,false
AZ,119,48,false,false,19,66.7,111,47.39,0.5,185,63.89,83.8,20,67.22,1.9,6,2.78,10,false
TX,97,531,false,true,47,440.7,14,93.0,399.6,110,7.85,115.2,131,8.02,6.7,10,0.56,0,true
VA,167,18,true,true,33,154.1,50,36.71,55.7,176,51.48,316.1,101,96.09,5.6,10,6.42,10,true
WV,105,874,true,true,21,268.3,172,72.61,468.2,138,28.97,189.5,47,40.13,0.2,3,1.6,2,false
TX,115,736,true,true,22,231.7,143,91.07,162.8,41,3.38,198.4,51,77.82,15.6,2,7.02,2,false
NM,152,823,true,false,48,235.2,77,62.56,113.6,103,34.28,344.2,166,95.71,9.5,3,8.55,9,true
VA,44,805,false,true,6,83.4,166,30.0,85.2,173,24.69,486.3,144,46.33,9.4,6,1.49,0,false
TX,52,181,true,false,46,235.9,12,12.28,321.9,115,57.63,186.2,33,99.71,11.5,17,1.78,3,false
IN,23,898,false,true,15,439.5,53,9.11,92.7,33,46.71,360.1,34,59.98,0.1,17,0.68,5,false
CA,131,966,true,false,11,415.3,89,40.01,446.6,158,52.35,423.8,12,95.17,3.0,0,2.72,8,false
PA,169,367,true,true,18,299.7,10,58.59,411.1,47,40.24,89.9,43,95.43,14.6,3,1.06,9,true
DC,86,730,false,false,46,52.4,11,95.64,240.3,26,25.1,55.5,19,47.26,18.2,16,0.46,8,false
NC,120,482,true,false,44,219.4,148,81.92,246.1,38,61.27,340.9,98,95.59,14.2,20,0.91,7,true
CT,126,655,false,true,31,385.1,17,22.66,180.5,101,46.78,342.3,170,97.18,12.4,5,0.84,8,false
CA,70,909,true,true,45,337.2,187,13.92,304.0,55,55.93,292.3,101,48.74,19.2,12,3.39,4,true
NC,75,684,true,false,43,80.8,189,59.61,443.4,12,58.89,370.9,67,63.29,17.4,19,1.16,5,true
AL,96,208,true,false,27,193.2,65,33.44,272.8,101,82.32,176.2,124,67.18,5.2,19,2.77,3,true
GA,108,451,false,false,20,194.6,108,88.99,345.6,75,73.55,267.2,36,25.39,16.2,3,9.82,6,true
IL,39,267,false,false,26,283.0,123,31.18,420.5,12,45.72,92.9,161,55.81,18.9,7,6.83,0,true
SD,158,80,true,true,13,418.7,23,53.92,389.8,196,43.82,381.2,137,6.04,7.8,9,4.95,5,false
MN,36,600,true,false,29,1.8,0,60.5,34.9,185,3.71,390.5,80,34.95,11.3,15,9.84,4,false
IN,108,247,true,true,40,365.5,128,23.43,372.8,104,93.49,444.4,63,49.07,9.1,4,5.2,5,true
IA,170,517,true,false,17,127.8,27,80.32,8.8,30,81.59,366.0,161,90.57,4.7,10,3.68,0,true
VA,33,830,true,true,36,387.7,20,80.27,294.8,53,14.39,176.8,147,44.08,1.9,14,5.76,9,false
LA,99,662,true,true,49,45.2,85,53.17,116.7,191,52.87,364.5,65,20.17,14.6,11,8.04,9,true
TX,181,598,false,true,33,364.8,16,89.38,175.0,67,56.12,224.9,164,1.71,0.1,8,9.66,5,false
OH,31,14,false,true,26,68.1,98,84.58,25.1,66,25.79,342.5,114,64.22,5.1,8,0.88,2,true
TN,26,370,false,false,12,256.1,28,88.76,70.4,63,20.73,113.4,136,69.72,18.6,7,6.78,4,false
SD,18,275,true,false,33,194.3,117,84.5,82.0,25,29.94,210.5,76,80.78,11.4,16,8.7,10,true
WY,54,817,true,false,24,71.3,154,58.23,27.6,162,98.87,135.5,78,18.83,8.9,11,8.21,8,false
CA,20,278,true,false,12,463.5,26,11.54,451.1,114,24.1,143.8,181,48.79,5.3,3,0.14,9,true
UT,50,455,true,true,37,192.2,69,29.88,497.1,118,47.86,61.8,3,86.13,11.0,15,4.67,7,true
WA,13,974,true,false,33,177.9,149,32.69,3.7,197,39.93,392.9,144,82.87,7.2,5,8.42,8,false
NY,170,647,true,true,5,67.7,11,24.48,461.9,191,73.39,293.3,113,39.73,19.0,8,6.98,3,false
CA,150,427,false,false,21,224.7,150,73.07,60.5,112,58.66,351.3,165,43.33,5.2,5,1.78,3,false
FL,127,669,true,false,30,90.7,188,11.1,249.6,68,84.66,484.7,20,75.47,7.2,7,4.75,10,false
HI,29,698,false,false,18,465.2,100,84.82,88.5,97,70.28,410.8,104,68.55,8.6,11,5.19,7,true
CA,47,602,true,false,35,446.6,25,1.0,94.2,61,55.83,14.0,112,32.99,15.8,7,2.38,10,true
FL,138,157,true,true,26,369.4,6,96.08,415.3,194,56.76,202.2,113,54.0,13.1,0,2.34,5,true
MO,190,608,true,true,8,449.1,42,43.77,55.5,170,82.87,151.4,113,3.29,7.2,19,7.54,7,false
TX,62,69,true,true,19,27.9,97,74.84,81.8,81,16.8,82.0,50,65.22,5.7,11,0.71,1,true
CA,114,153,true,true,2,323.9,16,1.01,464.2,1,52.8,337.6,186,87.65,16.6,1,9.36,9,false
TX,175,948,true,true,7,352.2,114,51.92,443.7,78,1.23,63.6,142,96.45,12.0,8,3.31,6,false
VA,50,501,false,false,36,213.7,178,86.32,294.8,146,69.27,382.0,59,42.19,12.0,12,8.07,10,false
CA,135,710,true,false,43,153.2,106,3.87,6.9,170,55.28,222.9,146,41.24,9.5,19,0.2,0,true
TX,155,461,true,true,22,336.1,119,39.01,256.8,89,20.27,99.2,150,25.63,12.0,6,8.63,1,true
CA,91,326,false,true,42,382.7,191,51.99,59.4,18,52.6,302.2,81,13.25,0.3,6,6.98,8,false
TX,78,782,false,false,2,280.6,149,79.08,361.5,84,99.57,149.8,97,18.55,13.9,15,1.35,10,true
NV,48,514,true,true,18,16.3,26,91.56,479.5,167,43.67,333.4,56,2.69,14.8,5,8.99,8,true
OH,118,304,true,false,13,138.3,15,5.0,279.5,159,47.87,127.2,92,73.71,14.0,13,0.72,2,false
NY,100,416,true,false,16,447.5,49,58.78,392.5,34,93.42,229.0,146,0.42,14.5,15,7.56,6,true
NJ,58,779,true,true,30,70.1,30,46.65,293.2,174,23.74,292.9,167,34.8,19.2,10,4.68,4,true
MS,161,239,true,true,31,393.3,44,57.35,150.4,138,94.16,333.2,13,25.53,1.0,18,8.73,5,false
PA,40,153,false,false,34,340.2,88,7.74,164.7,37,42.55,475.3,25,0.51,15.6,16,0.26,3,true
NV,2,291,false,true,0,96.0,151,98.17,195.1,10,14.44,176.5,99,36.71,13.2,18,8.4,4,true
NY,80,119,false,true,7,270.0,119,6.18,191.2,125,63.19,184.6,31,53.19,7.4,9,5.15,10,true
CT,121,870,true,false,44,183.1,170,59.83,492.5,93,97.52,293.6,41,61.87,10.6,11,1.9,10,true
GA,185,538,true,true,12,55.1,117,31.51,492.8,191,14.23,171.3,90,80.0,17.3,14,7.99,0,true
FL,143,553,true,false,42,404.0,96,84.82,472.5,173,31.75,77.2,173,2.09,2.8,5,9.8,10,true
FL,15,402,false,false,2,115.3,2,28.36,36.6,97,75.44,192.4,52,7.16,11.8,9,2.44,7,false
FL,145,442,false,false,22,188.7,39,98.28,459.5,128,82.09,71.9,176,0.17,11.2,9,4.95,4,false
CT,50,440,false,true,26,88.8,66,92.39,97.0,189,62.51,278.8,15,68.51,0.1,17,0.56,3,false
VA,130,760,false,false,31,245.1,142,27.57,430.9,122,90.6,142.1,68,48.91,11.7,16,8.96,7,false
IN,112,984,false,false,30,34.5,122,34.95,40.5,200,45.13,133.6,182,26.21,15.1,15,8.39,8,true
WA,80,489,true,false,14,366.9,61,14.12,83.5,31,97.13,284.0,169,5.2,17.3,1,4.69,2,true
TX,178,900,false,true,26,234.3,60,2.5,378.9,95,37.36,344.7,149,53.05,13.6,20,9.54,6,false
CT,93,328,true,true,36,469.2,8,85.13,360.3,193,33.96,469.3,145,92.23,4.3,14,7.11,9,true
LA,31,546,true,true,28,299.3,40,44.35,42.6,169,1.43,262.3,190,73.34,13.9,11,7.39,10,false
CA,3,370,false,false,41,475.9,156,44.94,137.5,36,32.76,317.8,94,88.36,11.9,8,3.57,8,false
LA,127,54,false,false,13,96.0,160,63.22,348.0,119,44.88,237.0,125,34.34,17.9,17,3.73,4,false
LA,153,655,false,false,12,403.9,99,66.17,125.1,1,47.79,62.3,100,29.18,17.0,8,5.78,0,true
CA,181,790,false,false,16,292.3,160,72.74,30.7,4,0.96,342.7,199,68.14,19.4,3,0.32,8,true
NY,107,858,false,false,35,101.4,129,96.81,221.5,154,56.39,398.9,17,76.72,10.4,9,6.15,2,true
CA,44,94,false,true,23,237.0,197,41.94,440.1,67,2.84,262.4,94,36.84,12.9,0,4.25,4,true
VA,147,432,true,false,30,33.8,157,33.89,167.8,12,9.27,384.2,153,80.61,14.2,3,5.83,1,false
TX,62,599,true,true,1,480.9,41,76.98,294.2,177,30.65,218.9,84,49.98,3.4,4,7.33,8,true
CA,156,80,false,false,45,315.5,139,74.47,345.5,139,88.01,100.7,40,14.65,0.2,0,0.82,6,true
DC,132,5,true,true,4,216.5,113,79.94,66.7,148,6.02,499.1,114,89.87,3.9,13,8.82,8,false
GA,152,101,true,true,45,326.5,95,51.58,163.0,154,60.6,37.0,19,28.27,19.5,5,4.24,3,false
NC,3,875,false,false,46,198.3,143,85.88,400.4,77,53.02,4.6,138,31.25,10.7,15,1.58,4,true
DC,62,368,true,true,27,331.2,1,81.58,266.7,23,99.61,205.3,75,46.79,1.2,5,8.91,0,false
TX,7,711,false,false,11,450.1,122,61.15,116.8,149,89.66,335.6,85,74.4,18.5,5,9.02,4,false
TX,65,767,true,true,17,18.2,123,82.51,209.0,124,37.16,167.6,180,3.53,13.5,11,6.32,4,false
IL,190,648,false,true,20,458.4,40,54.96,380.8,44,96.76,377.5,171,53.27,4.6,14,3.34,7,true
TX,81,565,false,false,46,350.8,109,83.17,129.6,53,7.49,487.5,61,25.23,7.4,7,7.46,6,true
CA,164,95,false,false,18,145.1,190,52.5,64.6,119,29.36,260.0,60,24.44,11.8,3,3.96,9,true
TN,199,374,true,false,30,281.6,42,45.93,19.3,193,84.2,145.8,64,31.62,4.6,17,3.57,0,true
CA,103,411,true,false,27,353.5,140,12.59,273.9,169,77.1,435.0,49,40.39,1.4,5,5.6,6,false
AZ,35,912,false,true,32,10.7,147,67.64,254.0,115,99.81,131.4,19,4.16,15.9,4,8.23,5,true
VA,165,857,false,true,33,449.9,86,31.99,218.6,20,68.23,91.6,21,23.46,9.9,16,7.9,4,true
AL,64,949,true,true,21,275.3,172,76.35,88.4,189,58.9,171.5,123,87.7,2.2,10,3.62,6,true
OH,73,195,true,false,27,45.6,128,43.05,138.5,164,93.15,431.0,21,68.8,1.8,9,0.88,6,true
CA,153,430,false,true,43,138.9,115,87.1,228.7,140,85.42,366.5,124,52.6,7.5,18,8.21,6,false
LA,93,443,true,false,28,472.4,188,77.87,73.7,71,54.6,158.7,115,54.52,12.9,1,1.97,10,false
TX,10,808,true,false,38,111.7,97,19.97,21.7,16,28.3,446.5,64,97.0,14.1,4,8.11,5,true
NY,68,373,true,false,39,455.6,179,8.42,236.4,140,32.31,374.3,89,43.68,19.0,15,9.93,8,true
KY,77,277,true,false,1,3.0,86,53.4,253.2,92,97.62,253.1,9,53.3,9.3,0,1.95,10,true
IN,3,335,false,false,33,88.7,172,9.87,18.0,112,0.08,461.5,79,85.11,6.0,4,1.59,6,false
TN,113,119,true,false,45,29.4,127,59.61,445.3,50,6.29,131.5,145,49.81,1.7,13,3.6,7,false
OH,21,175,false,false,3,473.0,179,37.0,182.4,28,94.81,230.3,99,86.0,7.9,12,7.73,8,true
OH,113,794,false,false,20,490.1,6,27.68,6.2,60,58.25,88.0,22,96.47,19.2,8,7.24,1,true
LA,146,275,false,false,49,274.0,99,36.79,488.2,16,50.5,32.5,54,79.69,5.0,20,2.03,2,true
IN,147,413,true,true,47,276.7,41,98.65,207.7,176,90.78,296.9,199,91.06,9.2,2,1.15,0,false
CA,186,713,true,true,9,142.3,21,78.96,432.6,54,10.91,426.1,184,92.51,2.7,12,3.76,10,true
FL,99,327,false,true,46,78.0,181,19.78,455.1,63,2.42,134.2,150,27.38,11.2,10,2.76,10,false
NY,92,60,true,true,25,449.1,67,35.82,230.5,153,64.42,481.8,118,1.38,16.1,7,0.04,4,false
ND,145,115,false,false,45,326.2,124,9.44,479.2,127,9.63,23.2,180,18.13,5.1,10,1.9,10,false
TX,140,543,true,false,29,30.5,82,31.74,69.0,197,35.65,333.5,171,39.43,8.3,7,7.22,1,false
FL,76,865,true,false,37,53.2,154,61.48,490.6,159,22.24,304.2,189,37.96,18.7,2,3.37,9,true
AZ,157,401,false,false,42,133.8,162,46.49,350.8,186,20.93,205.9,82,36.65,13.2,3,4.44,7,true
NE,85,642,false,true,39,193.2,70,7.92,453.9,194,64.18,241.2,41,8.35,15.0,2,4.27,1,true
DE,190,175,false,false,3,67.3,127,3.09,494.9,108,53.57,443.8,184,19.84,6.4,0,6.73,7,true
FL,47,27,false,true,23,414.4,186,44.39,321.7,169,26.51,453.7,33,46.34,12.6,12,1.04,3,false
OR,200,872,true,true,15,445.6,99,62.1,499.0,37,60.55,228.8,188,23.0,6.6,7,7.24,3,false
FL,160,403,true,true,35,386.8,148,78.89,473.9,146,26.16,9.2,140,12.48,8.4,15,6.76,0,true
TX,169,185,true,false,16,180.3,4,97.06,143.8,180,45.95,20.8,131,22.16,12.8,13,3.27,8,false
KY,51,482,true,true,26,256.4,171,44.35,445.5,194,97.27,93.9,149,46.86,7.8,0,4.02,3,false
UT,151,297,true,false,27,247.5,85,92.66,494.9,69,47.41,489.1,82,23.3,4.6,7,3.63,0,false
FL,193,84,true,false,5,480.0,165,8.69,437.7,128,21.36,213.3,88,36.84,11.0,5,1.27,6,true
AL,147,223,false,true,44,20.6,194,18.58,378.3,87,50.01,191.2,100,36.7,13.4,12,9.51,2,true
PA,6,580,false,true,34,360.2,143,34.21,119.4,112,88.36,36.7,32,77.66,10.8,6,8.69,3,true
TX,109,572,true,false,28,129.4,125,21.29,205.8,20,67.14,396.0,92,78.39,7.0,8,3.72,2,true
KS,23,879,false,false,39,65.1,140,28.42,345.7,156,90.88,86.8,4,91.37,8.2,6,2.48,7,false
DC,145,441,false,true,1,213.4,125,41.25,108.1,1,85.16,277.6,122,76.69,16.5,13,7.45,3,true
TN,72,782,false,false,14,332.3,42,0.44,7.0,23,7.53,403.0,136,70.5,7.3,19,7.55,5,true
FL,184,529,true,false,34,32.8,163,31.2,218.4,19,89.33,219.8,101,44.86,3.9,12,6.67,9,false
GA,113,616,true,true,20,282.6,33,11.21,125.5,138,33.33,72.6,29,73.12,4.2,8,1.39,1,true
CA,150,828,false,false,11,371.6,180,51.19,337.2,188,80.09,93.5,124,93.8,17.2,18,4.98,1,true
PA,182,133,true,true,13,199.9,106,53.07,157.3,133,76.87,257.7,107,79.14,9.8,12,6.57,1,false
NY,120,465,true,true,12,483.1,196,2.47,310.4,113,3.21,347.2,133,63.31,11.9,12,9.34,6,false
WA,33,264,true,true,38,310.3,179,65.62,411.4,56,87.68,79.4,13,43.26,16.6,17,7.62,6,false
CA,159,25,true,true,43,29.8,62,9.69,244.9,115,58.89,421.8,117,41.68,13.7,13,9.39,2,true
CT,65,550,false,false,41,128.5,62,29.41,308.3,11,29.36,329.9,179,9.74,6.1,4,6.23,4,false
KY,178,920,true,false,9,157.7,132,72.12,449.1,196,36.67,74.8,167,8.98,10.4,14,1.24,7,true
OH,159,159,true,false,8,467.9,73,51.3,232.1,141,70.49,321.7,22,54.49,14.0,17,8.8,4,false
CA,42,725,false,true,26,325.8,161,83.62,76.1,104,19.77,125.6,62,6.53,5.0,8,7.12,8,false
VA,106,38,true,false,8,409.5,62,59.9,476.3,94,99.38,421.7,69,75.53,15.0,4,2.17,4,false
FL,108,159,false,false,14,324.0,12,17.16,337.4,128,99.91,108.2,172,92.55,0.9,20,2.55,3,true
IN,11,989,true,true,11,318.3,136,37.22,33.9,31,49.89,403.8,169,50.08,5.2,2,0.22,6,false
DC,154,804,false,false,5,99.4,70,2.92,79.9,30,99.37,302.3,62,76.66,9.8,19,7.24,1,false
NY,50,242,true,true,24,238.3,42,59.58,265.1,73,7.61,162.9,51,82.24,0.8,15,0.86,5,true
VA,12,295,false,false,20,17.9,96,32.43,223.1,126,52.82,456.0,165,43.79,9.0,8,5.97,5,false
IL,106,450,false,true,38,95.6,185,60.21,111.4,88,70.69,480.0,196,89.87,12.6,10,9.45,3,true
PA,12,643,true,false,21,379.8,155,12.38,207.3,126,11.41,447.5,180,55.99,13.4,18,0.63,3,false
MD,57,742,false,true,25,254.4,4,3.39,464.0,135,72.88,26.6,172,1.76,2.2,10,3.72,0,false
MO,108,145,true,true,41,180.8,124,38.08,151.4,103,67.79,246.6,55,91.98,15.6,12,5.95,4,false
MA,88,173,true,true,47,475.1,140,50.52,358.8,83,16.11,69.5,107,18.14,18.1,18,7.0,1,true
GA,145,723,false,false,27,125.1,9,42.34,251.9,9,89.77,51.4,84,23.93,0.7,17,1.79,7,true
MA,200,391,true,false,29,129.2,192,95.17,371.5,0,91.41,429.4,127,62.39,3.5,14,3.79,2,false
VA,169,327,true,false,31,180.7,41,15.81,128.8,193,96.37,216.5,117,70.46,12.4,18,9.7,6,false
CA,102,83,true,false,23,193.4,35,46.84,63.0,20,66.74,98.6,134,46.67,3.9,5,9.6,7,false
SD,53,319,true,true,8,306.9,49,92.07,424.1,100,92.97,370.9,59,32.81,9.0,18,0.9,5,false
CA,21,468,false,true,37,438.2,190,69.41,220.0,84,5.58,13.7,7,48.41,0.9,2,3.16,5,true
FL,114,752,false,false,21,347.5,114,18.93,157.5,82,20.24,16.9,90,14.03,5.0,16,1.45,8,false
NC,116,740,false,true,40,129.3,177,10.77,188.6,105,88.65,38.1,90,78.89,2.4,11,7.03,8,true
TX,85,652,false,true,27,339.0,82,41.61,175.8,140,90.26,71.4,131,0.29,1.1,19,0.7,8,false
MA,200,599,true,false,10,31.0,120,62.33,10.2,8,83.8,23.0,2,41.81,5.1,18,1.19,1,true
DC,92,557,false,false,18,36.4,27,56.91,450.2,71,5.16,307.8,37,24.0,14.3,20,3.34,8,false
WI,49,975,false,false,31,247.3,91,40.01,338.4,88,1.63,21.1,28,74.22,15.9,14,2.24,8,true
TX,161,899,false,false,35,441.4,148,65.71,118.6,144,0.15,340.7,36,83.6,3.5,0,8.51,0,true
MS,116,395,false,true,13,58.8,81,50.97,239.2,114,71.83,423.6,104,70.15,6.3,11,1.25,9,false
WI,143,99,true,true,13,206.7,77,47.19,355.7,111,68.72,105.4,35,76.08,5.9,11,5.39,5,false
CA,81,488,true,true,43,379.9,67,42.62,444.1,31,79.26,380.2,135,97.97,14.6,20,6.55,8,true
KS,197,858,false,true,20,205.3,47,75.66,39.0,72,65.05,272.7,153,61.76,16.5,18,6.46,2,false
AZ,104,753,false,false,29,84.4,181,46.21,253.0,82,99.85,379.2,165,1.12,5.8,2,5.7,1,false
MI,62,778,false,true,33,482.7,10,70.38,114.3,70,89.83,5.0,135,94.3,5.9,14,5.34,8,true
TN,140,52,false,true,4,396.5,167,45.6,13.3,22,2.24,321.0,28,64.13,7.1,6,4.39,7,false
MN,65,953,true,true,1,333.4,104,92.35,405.3,172,16.04,272.1,59,64.52,4.1,12,1.56,0,true
PA,195,314,false,false,49,164.5,193,14.0,382.7,84,18.4,192.6,39,46.85,8.1,10,3.88,4,true
MI,71,801,true,true,3,418.8,49,77.66,218.0,105,76.01,211.9,176,36.73,6.9,2,8.24,3,false
AZ,84,759,false,false,46,392.9,79,38.36,303.2,99,86.41,109.1,24,36.64,1.8,3,3.92,2,false
AR,155,598,true,true,31,1.8,70,36.35,450.7,66,24.17,435.4,186,77.25,4.9,16,3.91,5,false
IL,121,817,false,false,0,483.5,66,35.58,477.4,66,7.47,334.5,176,89.94,13.2,8,9.16,10,false
TX,190,920,false,false,1,154.4,123,28.24,287.2,130,18.75,277.9,144,51.22,5.4,20,8.01,7,false
IL,181,841,true,false,40,267.7,10,70.11,368.3,186,62.54,216.0,99,15.0,13.3,7,2.03,9,false
TX,129,35,false,true,7,335.4,142,94.86,297.3,81,81.12,381.6,91,58.38,16.6,19,6.9,5,true
ND,38,79,false,true,45,85.4,9,22.54,390.2,66,39.19,336.0,67,37.25,3.4,13,3.24,9,false
TX,150,6,true,false,31,248.3,5,14.13,229.3,139,27.87,243.9,138,78.27,9.7,7,1.8,3,false
NV,18,193,false,true,39,264.1,20,1.02,49.6,180,99.51,131.6,89,45.34,12.3,12,5.61,9,false
CO,171,21,false,true,12,193.8,100,40.14,431.3,145,26.51,249.9,174,71.95,15.3,4,7.82,4,true
AZ,149,882,false,true,11,124.6,32,76.87,241.6,184,35.35,121.4,38,32.04,12.0,5,6.53,6,true
VA,180,624,false,true,35,147.5,109,4.33,350.1,166,29.29,350.7,37,96.55,6.8,10,3.82,7,true
CA,143,380,false,true,28,257.1,23,15.61,497.0,92,97.86,377.5,86,17.52,5.5,8,3.09,3,true
ND,19,11,false,true,37,64.0,64,26.76,492.1,137,34.47,22.2,181,83.94,6.5,2,9.54,10,true
TX,41,895,true,false,15,288.7,52,77.7,164.3,62,5.0,225.1,194,95.09,3.8,11,0.47,4,false
TX,50,545,false,false,44,322.5,135,45.34,186.8,125,92.5,25.2,144,84.4,11.7,11,5.27,1,false
UT,47,672,true,false,9,478.9,126,54.43,409.1,115,1.58,368.4,66,94.33,2.0,6,0.75,8,false
MO,143,95,false,true,27,491.9,168,57.78,353.1,59,46.92,90.4,95,64.47,0.8,18,5.49,9,true
OH,22,977,false,false,24,310.5,47,18.82,133.7,190,16.09,471.1,150,82.51,1.8,10,2.63,1,true
OH,53,968,true,true,49,401.1,168,81.73,434.8,119,49.49,252.0,79,14.66,14.7,12,5.71,7,false
MO,131,956,true,true,19,326.5,124,68.32,424.1,193,75.3,235.2,187,84.25,13.1,18,3.4,4,false
CA,116,117,true,false,45,158.8,10,90.05,193.1,140,48.12,166.2,122,9.77,6.7,1,7.22,2,false
FL,8,347,false,true,10,121.4,99,66.93,398.7,143,57.17,205.8,71,21.99,15.0,19,0.25,6,true
TX,154,774,true,true,30,429.9,99,42.33,383.7,87,83.59,43.0,176,5.13,6.3,19,6.34,9,true
OH,138,549,false,false,10,452.3,153,24.37,121.7,103,63.69,395.0,197,32.56,0.1,5,5.94,9,true
AZ,127,633,true,false,34,478.0,136,16.14,293.9,136,2.1,285.5,197,95.63,12.4,9,1.68,10,false
NC,70,960,true,false,42,0.2,24,86.21,385.9,131,98.39,297.8,75,39.28,14.8,13,8.02,10,true
OH,141,590,true,false,1,14.7,168,81.11,167.4,199,62.95,68.7,167,7.81,3.0,11,3.47,3,true
LA,164,674,false,false,37,149.4,76,66.38,112.6,85,29.85,399.1,121,32.1,4.1,9,1.81,3,true
CO,89,675,true,true,7,457.1,62,92.39,94.8,76,24.05,253.4,180,36.29,19.1,19,9.49,9,true
NC,123,208,true,true,39,183.5,141,11.42,283.0,138,33.35,287.3,2,6.46,14.0,9,7.91,6,true
CA,101,895,false,false,45,53.5,199,32.31,229.6,29,57.81,328.0,86,23.59,9.2,9,0.13,0,true
CT,121,591,false,false,21,442.8,136,4.46,433.3,164,11.37,367.3,186,72.68,1.6,1,6.0,9,false
FL,34,121,true,false,19,117.6,155,50.43,343.3,52,0.83,391.3,51,78.97,5.7,16,5.58,5,false
MO,139,836,true,false,21,384.5,82,88.23,253.9,11,67.43,117.2,194,93.02,18.4,2,0.96,2,false
CA,30,988,false,false,27,426.6,197,10.21,59.0,66,76.75,348.9,79,5.78,8.6,3,3.56,3,false
TX,170,785,true,false,26,225.1,89,40.43,295.0,179,89.26,203.0,116,6.79,9.9,18,9.5,8,false
AL,162,964,true,false,4,49.8,185,57.54,37.3,129,27.81,118.3,48,94.33,2.0,3,2.51,9,false
FL,165,553,true,true,32,121.5,0,54.32,308.0,110,43.57,398.6,79,73.36,12.3,6,8.37,5,true
CT,45,37,true,false,6,288.4,150,52.71,474.1,136,84.19,41.4,78,10.38,17.5,17,5.78,10,false
RI,130,811,true,false,47,439.5,62,43.22,201.8,11,39.8,176.7,114,70.11,0.7,14,9.22,8,true
CA,84,684,false,false,38,137.1,194,21.89,249.8,50,32.18,70.8,198,38.53,5.1,13,9.31,10,true
NY,77,807,true,true,31,279.7,20,59.96,451.7,57,38.17,21.4,128,71.72,11.2,20,2.72,10,true
CT,129,242,false,false,47,227.7,71,8.2,179.7,185,53.77,134.7,11,35.91,14.9,19,9.21,0,true
CT,88,299,false,false,14,347.2,87,72.15,128.2,165,45.33,227.0,123,42.0,2.0,6,7.18,9,true
NY,199,448,false,true,24,80.4,73,81.03,90.3,91,34.66,156.1,176,85.95,19.6,3,5.85,4,true
MI,191,173,false,true,14,394.3,18,44.17,255.8,107,82.33,260.4,43,80.05,4.0,1,2.12,0,true
NY,53,38,false,true,45,254.9,138,71.02,444.2,186,78.24,359.0,77,43.3,3.7,11,8.02,1,true
DC,6,878,false,false,11,438.5,127,65.29,183.0,164,4.92,318.8,24,97.5,3.9,9,4.87,7,false
FL,27,552,true,false,3,221.0,31,10.76,27.2,101,57.96,137.7,81,56.38,0.7,19,6.33,3,true
DE,173,645,true,true,18,109.0,109,73.86,420.9,63,90.68,74.7,129,30.19,15.9,18,8.87,1,true
NV,128,800,true,true,1,261.9,47,8.3,319.5,77,57.44,220.3,195,27.84,7.9,19,4.71,10,false
TX,50,930,true,false,35,466.6,182,64.73,184.1,149,9.34,217.8,81,10.06,11.9,10,1.44,2,false
CA,146,250,false,true,36,409.1,137,14.57,308.0,137,80.93,321.4,12,1.25,11.8,16,5.02,7,true
AZ,26,535,false,true,47,499.3,62,15.1,164.8,39,54.32,418.1,66,92.47,8.2,7,8.55,9,false
ND,0,340,false,true,46,392.1,80,18.3,316.4,18,30.62,374.1,154,6.72,5.0,7,9.84,5,true
CA,182,610,true,true,27,404.5,2,47.14,410.9,111,88.82,220.7,137,5.99,2.0,19,7.96,9,false
IN,49,469,false,true,48,458.9,200,98.17,99.7,11,45.46,318.2,180,85.12,3.1,19,6.33,0,false
NC,116,965,false,true,36,164.6,187,14.75,7.2,95,93.02,498.7,173,10.01,2.0,1,3.27,10,true
CO,10,296,false,false,6,291.4,46,88.98,66.8,64,52.9,10.6,179,30.31,10.8,4,4.91,3,true
CA,173,99,true,false,30,94.4,113,83.38,108.1,57,22.96,36.7,59,52.87,16.5,12,2.17,5,false
GA,55,304,true,true,28,201.8,88,27.04,303.9,172,15.9,156.8,29,32.57,15.0,11,8.0,6,false
DC,149,186,false,false,9,220.6,59,16.64,22.5,70,5.59,130.4,73,25.09,9.2,0,9.19,8,false
LA,185,230,false,false,4,113.1,141,31.83,177.8,33,48.32,279.0,21,28.55,19.8,17,0.19,6,false
MO,26,668,true,true,2,462.5,103,34.82,179.7,57,12.73,7.2,21,58.4,8.7,17,4.49,0,false
TN,120,991,true,false,44,353.7,91,65.48,135.1,46,25.78,145.4,140,96.17,18.3,14,1.54,5,false
NY,72,265,false,false,12,408.5,82,93.04,85.9,63,4.02,207.9,105,82.46,12.8,12,8.16,7,true
IA,111,481,false,false,44,318.7,103,44.64,340.1,73,50.51,341.9,25,45.2,6.4,4,5.01,0,true
MN,163,61,true,true,48,124.8,114,78.89,246.9,172,80.85,258.2,29,38.52,17.3,11,6.21,9,true
NC,152,104,false,true,2,96.1,165,11.29,36.6,193,56.06,41.0,120,62.46,6.1,19,5.15,1,true
AZ,123,332,false,false,15,109.3,144,23.39,146.6,161,97.97,376.7,58,49.33,18.0,3,9.46,0,false
PA,0,825,false,false,50,297.0,150,52.85,434.4,195,66.44,279.0,170,5.58,13.2,1,1.87,2,true
KY,147,575,true,true,28,261.1,127,33.71,496.3,11,39.51,447.5,18,57.8,12.2,8,5.24,4,false
TX,33,112,false,true,7,323.8,183,67.18,185.9,103,54.06,212.6,40,93.41,13.4,0,6.66,9,true
VA,132,892,true,false,10,187.5,159,0.96,371.4,85,23.43,200.7,131,52.51,9.2,13,4.27,5,false
CT,101,452,false,true,18,96.0,186,82.32,8.5,32,59.56,386.6,170,13.64,1.4,20,5.47,9,false
PA,131,991,false,true,46,21.0,23,27.82,390.4,169,82.22,149.8,16,43.74,4.8,12,4.08,1,true
TX,31,968,true,false,30,444.0,39,29.34,362.5,37,44.87,270.6,82,77.19,6.6,19,9.88,2,true
NY,46,346,true,false,44,453.5,176,98.71,242.1,103,9.67,408.2,0,1.15,12.1,20,2.33,8,false
MO,28,623,false,true,7,175.5,92,55.44,87.9,154,4.99,210.0,3,24.76,12.6,9,1.84,9,false
TX,67,125,true,false,39,11.5,171,37.6,101.7,88,16.07,281.8,112,28.67,15.3,18,2.32,2,false
MN,14,750,true,true,15,65.3,124,15.34,212.5,136,63.0,113.3,128,11.51,10.3,8,5.85,7,true
MA,60,860,true,true,25,380.9,77,14.76,448.9,173,77.05,50.8,99,87.94,4.5,6,8.1,9,true
AL,21,994,true,false,5,61.4,59,6.83,241.2,20,3.05,307.2,182,68.38,10.8,6,4.74,9,true
TX,183,298,true,true,5,183.0,129,50.88,171.0,24,89.21,363.2,195,52.14,5.9,4,5.79,1,true
AR,29,329,true,false,41,479.3,31,62.73,353.9,180,47.98,75.9,12,66.05,6.6,10,5.24,10,true
CA,7,381,false,false,32,158.9,90,85.07,204.2,108,33.85,270.7,154,87.28,9.6,2,2.8,6,false
CA,79,47,false,false,14,125.0,164,69.29,256.8,109,29.88,454.2,123,18.76,17.0,10,0.26,4,false
CA,40,46,true,false,28,172.5,59,70.46,379.9,115,48.46,208.0,42,35.36,13.2,7,1.06,4,true
LA,108,94,true,true,20,73.8,54,49.07,269.8,125,17.63,315.0,79,35.53,5.2,17,9.74,9,false
AL,135,456,false,true,29,188.5,2,19.87,316.1,2,38.98,244.6,35,89.32,9.5,8,4.15,4,false
ND,42,396,false,true,44,31.9,175,15.81,381.3,13,49.8,148.5,103,40.64,14.8,3,0.44,4,true
TX,142,844,true,true,38,176.5,42,19.36,40.4,110,1.4,207.5,159,2.18,17.1,6,7.69,9,false
CA,167,800,true,true,37,476.5,54,20.11,197.1,39,37.51,76.7,136,73.92,11.0,0,8.18,6,false
TX,158,337,true,false,6,13.3,114,34.29,279.1,38,78.14,478.9,184,70.77,14.6,10,2.23,7,true
MO,25,380,true,true,23,273.1,126,9.91,386.8,55,12.52,187.0,152,87.95,8.4,3,1.72,10,false
CT,200,948,false,true,39,468.3,143,73.1,34.5,84,67.51,233.7,177,83.79,12.8,15,3.45,9,false
MN,144,357,false,false,18,181.8,31,24.91,43.3,90,85.52,315.7,97,75.75,4.9,1,3.44,4,true
MN,3,196,false,false,47,380.1,110,98.99,370.3,144,86.44,450.8,59,49.11,2.5,15,7.23,8,false
MI,120,732,true,false,32,274.2,16,45.75,430.0,200,57.04,111.9,2,74.05,0.9,16,6.58,9,true
GA,76,678,true,true,45,365.3,23,76.06,336.9,128,85.01,397.6,104,75.32,17.6,6,8.74,5,true
FL,83,927,false,false,31,182.0,24,66.07,420.5,2,54.31,458.5,186,23.06,1.7,17,7.42,1,false
DC,170,745,true,true,32,211.2,160,27.42,152.3,118,52.02,76.5,170,20.64,5.7,20,5.83,3,false
TX,96,990,false,false,45,429.0,143,64.28,344.2,52,12.68,261.8,89,63.23,4.6,17,7.82,8,true
MA,197,536,false,true,41,145.3,93,31.09,285.5,45,72.9,395.2,181,52.89,4.0,11,2.33,1,false
CA,107,222,true,false,6,51.9,156,38.14,41.7,145,26.8,191.3,15,8.42,16.2,7,2.94,6,false
TX,52,908,true,false,28,124.8,11,38.97,18.3,149,26.68,40.5,141,94.24,9.5,15,9.89,0,false
TX,15,852,true,true,46,435.9,123,25.8,463.7,44,52.7,14.7,199,32.81,4.8,20,4.99,0,true
CA,21,192,true,false,36,457.9,64,16.47,53.4,82,6.43,442.8,68,76.57,13.8,19,7.43,8,false
PA,23,187,true,false,47,274.4,12,47.9,492.2,90,56.14,17.1,36,97.03,9.6,15,9.46,2,true
CO,5,845,true,false,32,203.8,144,54.6,275.5,68,76.55,372.2,133,15.67,12.8,18,9.77,6,true
FL,62,118,false,true,30,342.7,98,51.63,449.2,17,25.5,299.2,162,38.56,0.7,9,2.1,0,true
KS,90,683,true,false,44,295.4,46,9.13,232.6,127,93.1,51.0,157,11.49,15.4,17,4.27,3,false
TX,164,738,false,true,23,83.9,45,51.04,91.4,74,95.81,218.3,60,30.59,5.1,3,8.29,1,true
TX,134,364,true,false,10,44.6,49,34.71,318.7,37,84.39,176.4,74,74.4,10.6,11,0.38,7,false
FL,101,900,false,true,40,393.0,108,50.4,189.3,78,86.15,164.2,189,46.69,12.0,14,9.27,1,true
MI,41,430,false,true,40,290.9,78,91.72,329.8,116,41.56,277.8,39,8.16,16.7,5,5.66,10,true
NV,174,546,false,false,7,89.4,64,77.79,325.3,28,47.04,231.8,100,94.48,17.0,7,1.92,4,true
CA,85,403,true,true,10,386.8,80,21.45,335.9,41,75.56,62.1,200,7.83,14.0,14,3.17,9,false
NY,19,387,true,false,10,43.8,115,92.79,229.7,181,9.63,375.2,45,90.89,4.5,4,1.64,1,false
CA,114,154,false,true,5,442.3,87,82.23,487.7,93,39.53,75.3,136,62.24,16.1,11,3.03,6,false
NY,90,737,false,false,47,462.8,140,43.94,330.3,90,95.7,387.6,68,58.78,4.1,15,4.05,6,false
CA,172,571,false,true,33,361.1,191,76.28,296.5,65,51.44,361.7,191,15.69,11.2,9,5.06,2,false
MS,96,95,true,false,24,289.5,65,12.59,439.4,101,2.13,191.8,49,27.32,0.4,9,9.95,6,false
GA,164,901,false,true,11,295.9,172,30.7,498.4,121,72.53,380.7,19,77.65,5.2,3,4.66,1,true
IN,177,394,true,false,3,293.2,193,57.84,238.1,132,6.65,79.2,199,66.2,3.7,16,0.94,3,false
PA,59,944,true,true,24,491.4,52,13.88,283.2,31,80.54,208.9,20,28.1,8.4,12,5.32,8,false
NC,110,53,true,false,23,320.9,149,57.92,51.9,77,23.86,466.6,176,73.81,15.1,17,7.22,0,true
MT,169,171,false,false,37,409.8,115,41.28,199.7,193,74.39,336.1,133,56.0,18.4,19,5.78,4,true
AZ,92,347,false,true,12,349.0,99,9.84,382.6,70,92.95,31.6,200,78.82,19.2,11,2.73,6,false
GA,136,234,false,false,40,13.3,192,74.76,280.5,118,91.36,174.7,188,2.1,1.3,4,9.6,6,true
ND,52,116,true,false,17,354.6,93,72.9,4.7,124,85.74,70.9,4,92.57,18.7,4,5.95,0,true
WA,177,459,true,false,26,386.8,93,39.01,445.6,61,33.6,108.3,3,92.94,14.2,12,5.15,7,true
CA,102,239,true,false,48,410.4,156,74.76,42.0,51,49.46,22.1,187,85.32,14.1,5,3.71,9,true
CA,8,285,true,false,2,148.8,162,18.88,67.0,125,74.56,425.4,51,20.95,16.3,12,3.15,6,true
IA,142,477,false,false,23,272.2,199,1.64,170.2,155,26.06,277.6,144,6.22,18.2,10,1.85,7,false
MN,72,434,true,true,13,257.5,145,27.76,464.8,26,4.57,337.3,86,20.31,17.3,8,6.57,1,true
CA,133,215,true,false,42,89.3,109,96.08,63.1,149,85.15,42.2,172,43.62,5.1,9,8.91,3,false
NY,83,827,true,true,33,124.4,111,22.0,198.1,143,14.47,201.6,193,22.66,14.8,12,4.38,9,false
PA,28,667,false,false,7,345.0,83,53.85,82.3,12,33.91,353.6,62,92.52,2.8,15,3.75,9,false
OH,112,226,false,true,5,335.4,35,66.19,1.0,179,95.48,29.8,183,15.64,10.6,1,3.58,9,true
AL,46,631,false,true,27,338.2,36,24.47,97.3,184,10.92,263.1,182,98.5,17.7,5,7.04,4,true
IN,187,131,true,false,34,452.2,14,76.1,119.4,101,69.78,38.2,114,83.33,4.7,13,7.97,6,true
TX,30,825,true,false,10,121.1,64,68.66,63.1,29,80.69,383.1,157,31.64,9.0,19,6.23,10,false
WA,118,457,false,true,3,315.5,86,44.08,78.5,183,26.64,272.3,119,92.47,17.0,6,6.29,1,true
NM,200,806,true,false,17,308.7,56,24.67,20.9,187,33.15,188.3,195,38.71,8.2,8,4.27,2,false
CA,116,91,false,false,17,245.2,2,95.43,201.9,197,27.85,4.2,121,54.62,2.8,17,3.63,1,false
NC,72,863,false,true,40,46.6,73,39.07,84.7,17,17.73,116.8,83,74.4,3.7,4,1.82,3,true
CA,159,713,true,false,43,263.2,78,23.93,225.9,133,14.42,375.2,66,39.12,14.4,15,0.85,7,true
SC,160,334,true,true,43,34.4,3,52.12,182.0,138,41.24,153.5,121,27.62,18.9,20,1.86,1,true
VA,82,981,true,false,44,43.4,30,70.55,476.9,128,30.01,437.7,71,74.5,3.1,13,4.56,7,false
TX,39,294,false,true,9,218.0,88,69.44,8.6,97,37.93,410.1,190,78.34,9.6,17,9.29,1,true
CO,47,344,false,false,32,151.0,50,75.94,92.4,103,46.83,376.2,4,0.24,2.5,10,7.82,6,true
GA,109,950,false,false,23,273.4,172,34.77,164.6,27,86.37,151.0,134,45.52,3.3,16,3.77,4,false
TX,28,833,false,false,8,208.2,121,44.8,161.0,12,88.07,25.3,190,27.68,1.7,1,8.34,2,false
NY,176,921,true,false,27,209.5,141,91.98,97.0,172,88.83,311.9,120,35.49,15.3,7,5.96,4,false
FL,2,440,true,true,35,51.7,76,35.19,431.5,106,8.3,417.2,120,26.02,9.3,20,7.66,1,true
OH,166,487,false,false,24,348.1,179,34.49,282.1,118,37.12,230.9,149,6.94,17.5,15,5.1,5,false
OH,106,33,true,false,4,87.4,182,8.18,36.9,108,66.76,318.3,158,18.52,6.8,0,8.5,4,true
LA,177,258,false,true,31,272.6,3,45.22,196.9,50,29.81,79.4,15,20.99,16.2,1,9.71,3,true
IA,107,805,false,true,14,124.6,57,54.25,54.5,149,85.64,349.9,31,93.3,8.1,15,8.17,10,false
NY,165,825,true,false,20,78.3,46,73.0,3.0,58,93.22,311.7,18,57.19,18.7,7,7.95,3,false
GA,79,230,false,false,0,493.9,21,34.18,345.0,126,90.4,269.1,196,56.11,4.2,2,2.64,10,false
TN,28,300,false,true,8,17.6,98,34.32,475.5,54,60.81,446.7,82,21.2,9.4,4,0.22,3,false
TX,23,417,false,true,49,438.1,152,91.04,314.6,104,44.99,31.5,114,46.21,13.8,0,6.06,10,false
MI,153,35,true,true,14,438.5,158,98.96,402.3,41,39.48,63.6,24,33.86,4.9,3,6.36,5,true
FL,191,833,false,false,18,349.3,70,68.75,324.1,18,35.56,410.0,88,4.06,15.0,14,0.7,9,false
TX,195,690,true,false,45,73.6,172,50.05,282.7,6,74.87,496.7,148,53.91,11.7,8,6.2,7,true
CO,161,551,true,true,27,400.7,90,62.19,171.7,199,63.38,293.1,66,99.59,5.1,7,2.38,6,true
IN,125,509,false,true,39,264.4,81,19.65,227.4,107,77.02,319.4,27,84.99,19.1,9,8.4,8,false
AZ,4,453,false,false,31,208.0,40,12.76,54.8,111,59.7,375.7,93,99.27,17.5,2,2.01,0,false
NC,139,892,true,true,8,425.8,83,17.96,29.4,185,48.37,431.0,172,70.76,16.7,8,4.22,7,false
CT,109,599,true,false,20,159.3,132,89.59,458.9,24,69.32,357.9,170,62.37,15.7,6,9.0,5,false
AZ,42,324,false,false,38,260.9,76,32.83,221.7,22,79.02,4.4,186,93.58,11.6,14,6.56,7,true
OK,99,540,true,true,48,225.8,179,90.18,50.4,4,60.56,397.1,116,32.39,14.1,1,9.91,10,false
IN,180,132,false,false,35,197.4,28,14.73,50.7,77,96.49,450.3,186,86.85,1.9,1,2.84,10,true
AL,82,830,false,true,50,189.4,137,69.74,181.3,17,22.56,338.1,180,89.99,9.6,19,6.64,5,true
OK,95,376,false,false,42,420.8,5,39.06,46.7,154,70.9,196.9,42,82.18,2.4,5,7.47,3,false
VA,19,545,true,false,24,440.4,131,97.97,169.7,197,18.17,127.3,54,93.43,15.9,19,9.18,0,true
GA,15,756,true,true,38,66.6,88,38.96,358.3,59,37.02,361.8,117,47.18,5.7,6,1.75,4,false
NE,163,736,false,false,0,145.2,158,51.34,116.6,41,27.14,243.3,109,86.66,17.4,13,7.97,4,true
NV,3,217,false,true,27,308.5,103,84.62,464.1,140,39.26,54.5,19,24.7,14.8,14,3.58,4,false
MA,195,868,false,false,46,460.5,53,76.03,210.4,181,28.17,471.3,6,4.3,9.0,3,2.99,3,false
CO,150,157,true,false,34,205.5,153,76.91,210.4,119,49.36,131.7,100,53.44,18.8,20,1.71,1,false
NY,171,102,true,true,28,231.8,173,24.83,254.9,79,49.83,173.4,2,83.24,6.1,12,4.86,1,false
DE,188,658,true,false,4,259.3,78,69.99,288.9,148,69.33,179.1,188,19.72,16.1,2,1.19,3,true
NJ,199,345,true,false,43,289.9,133,30.46,75.7,55,59.12,23.5,14,65.68,0.2,12,3.98,1,true
FL,70,964,false,true,24,29.9,111,14.76,196.8,23,43.6,458.5,68,18.12,10.1,14,4.4,10,true
PA,29,806,true,true,43,260.7,12,98.37,69.3,182,39.82,363.9,66,90.93,14.0,12,9.33,0,false
CA,89,237,false,false,38,205.7,137,95.43,77.4,50,92.44,437.9,94,94.14,14.1,4,9.64,7,true
AK,127,369,true,false,35,230.5,61,23.16,352.5,91,46.62,336.0,125,55.97,9.7,11,6.27,8,false
MT,3,542,true,false,37,296.4,63,78.67,375.9,69,76.84,143.4,38,3.38,5.8,17,6.21,9,true
GA,51,332,true,false,4,144.4,13,8.54,409.4,62,34.03,360.2,60,40.5,5.8,12,4.58,7,true
OH,149,113,false,false,39,400.9,133,56.71,178.0,164,41.23,378.8,100,87.74,10.9,12,3.08,0,false
OR,89,502,true,true,49,493.1,120,74.49,269.6,78,66.16,81.3,11,38.06,1.0,12,8.56,1,true
KY,194,896,true,false,31,483.4,83,37.14,267.3,74,74.81,426.9,117,57.83,2.0,0,8.14,5,false
DC,176,219,false,true,44,360.0,53,48.73,220.4,174,86.08,268.7,36,26.2,11.9,11,0.73,2,true
CA,135,682,true,false,10,343.5,98,11.79,379.7,113,52.33,7.7,153,21.71,19.2,10,0.59,1,true
TX,186,551,true,false,41,304.0,78,29.22,251.3,196,8.04,299.0,75,60.88,7.4,16,7.4,3,true
VA,23,206,true,false,22,312.5,5,13.45,490.5,185,72.54,322.8,113,71.38,6.7,3,2.67,0,false
DC,86,191,true,false,44,356.0,19,22.06,341.9,119,95.9,109.1,168,48.94,3.5,19,7.91,6,true
HI,136,845,true,true,49,101.5,9,0.75,237.8,103,20.94,116.9,128,54.47,10.2,3,1.46,0,false
TN,141,448,false,true,7,362.5,153,33.78,217.7,198,31.68,150.4,69,72.24,13.7,5,6.4,6,true
IN,111,711,false,true,16,104.5,19,78.81,117.7,3,55.12,319.5,194,46.43,3.1,8,0.23,6,false
TX,154,304,true,true,15,317.0,47,18.3,166.7,61,35.75,63.0,32,2.36,5.8,7,1.0,6,false
DC,80,770,true,false,37,478.6,180,83.29,362.0,54,4.03,75.5,2,60.99,9.2,9,9.88,2,true
NC,23,534,false,true,3,372.6,192,7.21,258.4,164,18.66,64.6,12,1.24,0.8,8,1.65,5,false
IA,2,748,false,true,36,54.4,149,70.38,470.2,139,36.96,216.7,59,6.71,18.8,1,5.54,5,false
NY,106,522,true,false,4,359.6,154,87.28,212.4,161,22.12,124.8,27,1.66,4.7,0,4.18,8,true
WI,4,667,true,true,4,121.3,17,37.51,431.1,155,82.15,389.9,55,92.55,17.3,19,2.0,9,true
TN,24,155,false,false,0,128.1,56,1.51,229.7,129,14.7,441.1,181,77.95,3.4,2,2.08,3,false
GA,76,607,false,false,50,397.1,161,32.33,74.3,12,3.67,318.9,100,71.79,9.0,17,3.95,5,true
IA,124,388,false,false,24,437.4,172,86.56,79.7,188,38.9,324.1,200,17.86,9.1,3,3.47,4,false
CA,73,898,false,false,9,57.2,176,82.61,1.0,148,88.16,200.4,197,15.34,13.8,3,2.19,10,false
NV,192,266,false,false,5,275.6,68,98.11,110.7,32,77.88,210.3,129,60.28,12.7,7,7.47,8,false
WI,53,987,false,false,10,455.9,118,33.88,0.8,56,71.98,391.4,9,56.07,2.0,2,9.47,8,true
OH,199,17,true,false,5,98.6,19,63.85,33.4,182,48.81,0.9,64,12.01,0.6,17,8.42,2,true
WV,112,536,true,false,32,124.7,136,17.39,405.9,138,51.38,326.7,54,16.94,14.7,11,8.67,7,true
OH,78,67,true,true,41,192.1,133,31.57,256.6,185,20.68,125.3,176,24.49,4.0,13,1.19,5,false
NY,38,124,true,true,38,338.5,174,41.38,295.8,11,94.04,115.9,93,41.29,13.7,14,1.55,10,true
AZ,37,914,true,true,22,304.5,56,32.03,51.2,160,96.58,55.5,192,5.46,18.6,18,1.43,10,false
CO,94,300,false,false,38,242.7,139,5.9,74.9,110,40.95,158.9,149,46.36,4.5,20,3.25,10,true
CA,89,592,true,true,24,199.4,172,62.81,294.7,173,12.31,414.7,18,71.55,14.7,13,3.4,3,false
CA,91,928,false,true,27,327.4,6,77.57,278.3,137,79.59,215.0,193,62.08,12.0,2,9.44,5,true
WV,183,597,false,true,9,226.9,97,89.44,443.9,28,34.17,416.0,90,37.12,2.2,1,7.35,7,false
NV,165,988,false,false,22,224.7,1,78.94,1.8,187,36.33,371.0,196,50.83,8.5,10,5.25,6,false
GA,193,188,false,false,36,319.7,3,27.56,475.9,153,75.46,33.2,116,19.7,6.5,15,6.96,6,false
LA,127,514,true,true,37,19.5,30,26.0,366.7,12,29.68,334.6,200,63.38,9.4,13,4.53,7,true
LA,147,974,false,true,31,274.8,138,28.98,294.0,106,90.52,253.1,12,45.48,3.4,2,2.31,2,false
WI,178,352,false,true,9,236.5,105,9.85,445.7,160,91.5,293.8,128,2.01,0.1,17,8.61,9,true
DC,152,218,false,false,1,473.1,120,40.1,264.1,48,82.83,263.9,74,42.89,15.1,13,1.52,5,true
AL,78,781,false,false,7,91.5,182,8.13,167.4,91,39.26,80.7,63,60.25,2.5,3,4.67,4,false
MI,77,872,true,false,35,20.0,151,83.26,82.2,91,91.78,363.0,106,61.14,13.3,6,2.9,1,true
FL,166,284,true,true,39,49.8,108,44.5,15.2,106,46.19,52.5,39,43.39,19.6,14,6.08,0,true
FL,90,434,false,false,27,482.0,103,58.35,56.5,182,68.63,489.7,32,78.42,3.9,20,3.06,7,false
TX,50,217,true,true,11,168.6,11,92.67,468.9,73,62.3,208.7,68,30.69,1.5,0,3.69,0,true
OK,121,108,false,false,15,413.6,150,43.31,109.8,118,24.31,133.2,157,95.51,7.2,4,3.02,9,true
CA,54,882,true,true,22,148.1,50,27.87,13.7,43,2.95,228.2,30,84.87,2.5,8,7.58,9,true
TX,113,591,true,true,40,488.4,113,97.49,310.2,72,44.27,32.4,171,2.82,3.6,6,3.52,6,false
AL,186,80,true,true,7,423.4,172,89.81,17.8,85,21.28,362.1,68,90.16,2.9,20,9.43,9,true
NY,103,979,false,true,39,169.3,123,35.74,238.6,81,89.67,493.5,193,93.42,1.8,7,5.56,3,false
TX,1,507,true,true,14,171.4,93,92.86,402.0,136,50.75,89.9,31,70.09,16.7,9,2.32,2,true
NY,16,951,false,true,41,365.6,186,32.85,105.2,196,95.63,359.8,124,74.63,9.0,4,7.51,2,true
VA,28,48,true,true,42,91.1,7,6.53,294.2,150,1.3,285.9,180,63.86,3.8,5,9.84,2,true
FL,45,242,true,false,48,114.8,35,47.73,102.4,155,10.68,300.3,108,77.69,2.5,6,0.96,7,true
LA,14,585,true,true,4,105.7,33,63.15,106.9,96,93.39,329.8,61,15.52,1.4,5,4.8,10,false
TX,179,539,true,true,44,431.8,83,12.93,372.1,71,18.61,205.7,72,55.56,0.9,14,4.26,2,false
TX,111,788,false,true,37,348.2,26,81.49,4.6,108,35.53,121.8,31,44.03,2.6,2,3.9,1,false
CA,72,714,false,true,38,452.9,114,3.59,457.4,82,76.86,37.7,135,48.33,1.7,14,8.75,1,false
AR,157,8,false,false,6,495.4,68,2.97,383.9,28,17.07,122.9,114,12.35,10.9,0,6.07,8,true
IN,24,4,false,true,28,234.8,110,19.14,36.0,91,30.66,222.0,10,73.06,19.4,15,7.31,4,false
CO,91,493,false,false,29,339.7,99,26.41,99.1,200,97.03,455.3,24,40.26,5.2,14,8.72,3,false
NY,25,259,true,false,14,359.8,83,65.54,288.5,184,58.14,480.8,40,85.68,16.2,11,7.89,7,false
MI,122,596,false,true,10,74.4,187,60.69,473.5,36,91.6,452.3,72,59.5,19.9,6,7.2,8,true
PA,176,227,false,true,28,140.9,114,41.97,479.8,107,73.06,313.7,23,95.68,2.3,2,0.39,1,false
TN,155,611,true,false,26,80.1,24,19.13,422.5,119,10.35,334.2,85,82.24,9.8,13,2.6,6,true
OH,34,625,true,true,38,314.9,173,40.99,175.1,37,98.31,14.4,131,91.36,5.9,2,9.76,2,false
AR,120,411,false,false,42,220.1,123,67.02,11.0,25,66.88,208.5,25,90.47,13.1,19,4.57,4,true
FL,62,902,false,false,26,427.4,56,24.15,314.0,142,43.56,126.0,110,53.16,1.4,13,9.7,3,true
MN,104,165,false,true,20,258.6,196,64.79,334.2,90,93.98,340.1,140,6.69,12.6,0,9.34,8,false
CA,193,465,false,true,47,199.7,78,97.98,17.5,94,23.46,328.1,23,95.34,12.1,19,1.25,2,false
GA,199,259,false,false,22,187.2,120,97.86,333.1,127,58.43,311.6,81,4.64,16.8,10,9.19,3,true
NY,32,394,false,true,46,158.4,43,25.75,17.4,135,52.5,252.3,160,9.16,11.7,0,9.32,5,false
NC,85,219,true,true,48,108.3,55,55.38,311.2,117,92.26,331.6,88,19.01,13.6,9,1.32,8,false
CO,111,123,false,false,33,286.3,93,3.88,169.9,56,47.69,58.4,53,55.88,18.9,5,1.91,10,false
OH,120,432,false,false,42,188.2,6,5.1,392.5,115,9.03,436.3,38,58.38,18.1,0,4.79,1,true
PA,60,506,false,false,40,32.6,160,58.25,444.2,67,16.36,440.0,53,2.14,0.8,19,6.43,6,true
DC,166,349,false,true,22,97.4,196,99.5,325.3,127,51.84,148.7,182,53.53,10.6,1,6.76,5,true
IN,142,146,false,false,1,394.1,63,50.03,99.9,65,76.27,446.8,41,49.33,0.3,9,6.77,4,true
DE,54,930,true,false,39,41.8,144,4.71,57.6,106,42.23,104.2,53,56.49,14.6,17,9.72,4,true
AZ,150,741,false,true,50,444.4,170,65.87,267.1,169,27.1,33.3,77,85.34,14.1,18,0.35,1,false
MA,15,169,true,false,2,218.6,96,81.85,200.7,166,44.11,376.0,173,10.32,5.2,19,5.3,9,true
KY,119,920,true,false,11,130.7,43,3.95,475.3,120,97.25,393.0,157,78.02,10.2,2,5.33,2,false
NV,176,5,true,false,9,55.2,27,57.37,387.5,89,93.87,404.6,66,37.3,17.0,19,5.99,3,true
OH,47,686,false,true,16,231.4,92,44.01,143.2,152,99.62,115.0,32,12.3,16.9,1,4.11,7,false
AL,18,816,false,true,18,274.5,25,88.97,297.9,125,65.96,330.4,92,64.72,6.8,15,9.83,10,false
AZ,164,996,false,false,4,84.2,21,51.58,128.9,120,74.49,160.0,138,40.87,7.9,1,0.07,5,true
AZ,142,58,true,false,27,285.9,199,70.89,498.7,185,73.96,166.9,6,65.15,13.5,20,7.84,1,false
CA,54,653,true,false,21,427.5,123,71.81,127.3,124,46.68,110.5,124,38.6,10.7,13,3.65,0,true
VA,9,778,false,false,40,145.1,64,79.87,416.4,67,19.77,489.0,167,91.49,4.3,19,4.53,0,false
AZ,123,22,true,true,24,489.4,36,27.49,17.4,26,67.89,17.7,55,38.72,9.2,1,5.04,9,true
PA,165,627,true,false,11,8.3,65,74.36,50.0,156,94.54,497.8,181,97.2,7.3,13,4.33,5,false
TX,51,158,false,true,43,355.3,171,97.18,484.3,11,67.89,49.7,157,97.0,2.0,13,1.43,8,false
MI,100,70,false,true,12,18.3,16,73.15,310.9,44,87.85,111.0,28,15.81,5.5,13,8.0,3,true
AL,172,411,false,true,12,439.2,131,19.82,184.9,71,11.96,109.5,198,43.48,1.2,12,0.41,5,true
WV,75,515,false,true,46,73.1,120,37.69,18.1,168,58.12,309.0,122,57.53,18.7,12,9.62,8,true
NJ,11,62,true,true,15,105.7,104,10.67,353.3,186,80.93,60.5,176,99.07,4.6,5,8.17,8,true
TN,110,250,true,true,49,276.7,185,89.33,175.0,44,69.15,155.2,39,60.23,14.0,4,0.8,4,false
TX,7,460,true,true,48,293.7,102,63.69,185.1,45,24.31,368.0,5,83.29,12.1,19,2.98,6,true
CA,90,612,true,false,37,384.7,2,98.07,102.5,200,76.7,143.7,159,48.72,11.3,9,1.02,7,false
UT,45,163,true,false,20,390.6,120,39.52,479.9,128,62.6,6.5,159,71.46,8.6,19,6.86,7,false
NV,135,0,false,false,14,142.1,109,70.07,381.3,89,58.78,438.3,171,94.26,2.7,1,1.93,7,true
TX,2,785,false,false,38,301.7,141,75.02,263.5,146,71.0,153.1,18,95.17,16.1,19,2.2,8,false
KS,130,800,false,false,44,399.8,93,3.44,345.7,191,2.97,156.0,196,44.28,6.1,2,5.51,2,true
OR,101,51,false,true,32,458.9,47,32.84,362.4,67,21.37,4.2,189,64.75,16.1,3,6.83,2,true
WV,89,392,false,false,4,408.6,47,57.39,482.3,147,62.99,197.3,22,69.7,10.3,2,0.03,8,false
CO,172,364,false,false,8,32.4,36,55.36,429.1,159,33.66,219.9,99,95.33,2.7,20,5.23,9,false
CA,22,862,true,false,29,295.9,164,28.87,235.0,133,34.24,286.4,106,2.4,5.4,12,3.06,6,false
CA,169,585,false,false,49,1.4,69,3.5,303.7,89,4.24,321.2,198,99.93,10.7,0,8.34,4,false
NY,96,929,false,false,34,333.4,26,51.24,402.4,61,46.46,463.0,87,38.38,14.1,14,2.54,3,false
DC,102,520,false,true,43,487.5,99,30.5,404.8,158,38.99,259.9,152,20.47,8.4,16,5.98,6,false
CO,171,679,true,true,29,144.8,92,49.45,150.6,195,62.57,120.2,129,13.38,12.5,14,8.76,8,true
GA,182,253,false,false,27,347.4,36,10.26,79.2,174,6.87,145.8,188,41.18,14.7,3,4.82,5,false
NC,32,993,true,true,37,444.0,128,4.44,294.6,91,78.74,116.2,160,48.44,17.9,4,0.26,8,true
AZ,71,524,true,false,16,290.8,131,81.36,272.7,200,63.92,136.7,7,21.37,15.4,16,5.45,7,false
TX,52,681,true,true,48,476.0,58,64.16,387.9,138,67.23,47.2,27,90.03,1.2,7,7.1,2,true
NY,151,769,false,false,21,124.9,99,90.83,37.9,71,13.57,97.6,24,55.93,16.1,2,9.91,10,false
CA,177,241,true,false,46,187.0,30,70.73,202.2,106,81.87,247.9,84,20.54,14.1,18,8.45,3,true
NY,8,704,false,true,50,28.7,38,95.96,381.4,23,64.02,91.4,200,71.07,13.5,1,2.46,10,false
AL,21,85,true,true,31,86.2,195,5.91,148.3,170,81.01,60.6,172,2.74,8.4,12,0.99,0,true
PA,143,981,true,true,42,435.3,44,76.22,264.1,185,20.77,429.4,80,91.88,6.3,20,6.97,3,true
CA,54,555,false,false,14,192.9,111,15.06,306.4,194,98.5,265.0,11,87.52,9.8,8,4.0,0,true
GA,121,895,false,true,35,426.0,184,11.29,148.4,178,15.54,152.9,91,30.12,2.0,11,8.93,7,true
WA,198,349,true,false,7,368.0,11,29.58,355.0,138,62.4,24.7,79,33.06,10.8,13,6.05,0,true
CT,122,652,true,false,34,494.4,198,43.14,480.8,85,47.76,81.5,155,28.49,8.9,5,5.75,0,true
NY,192,522,false,false,32,124.1,173,41.52,191.1,0,97.11,491.2,60,84.76,12.5,16,7.92,8,false
MO,61,777,true,false,37,471.6,91,31.72,3.2,150,13.37,19.4,31,52.83,10.8,7,8.29,3,false
CA,61,654,false,false,32,43.5,2,92.75,218.2,87,12.74,332.1,73,77.01,16.4,17,2.8,2,true
FL,171,546,false,false,12,128.7,82,5.58,265.2,133,35.85,317.3,122,56.05,3.3,15,9.33,9,false
MD,69,242,false,true,35,111.7,164,86.11,91.9,150,42.22,14.1,7,79.62,1.6,0,0.47,0,true
AZ,92,792,true,true,46,187.3,154,0.16,84.4,31,32.56,406.5,105,4.81,11.6,11,8.84,0,true
CA,75,334,true,false,22,91.2,39,68.99,69.1,55,8.98,76.2,139,77.82,7.6,12,3.07,1,true
TX,90,494,false,false,20,136.5,84,91.19,407.2,58,88.21,153.2,75,85.57,3.6,12,5.81,3,true
MO,130,267,true,true,11,404.1,88,0.17,486.1,3,84.91,324.2,19,0.78,18.5,8,9.48,1,true
VA,7,572,false,true,38,278.0,151,48.48,296.5,158,64.2,444.0,57,61.77,16.6,1,2.73,0,true
CA,60,216,true,true,44,450.6,149,20.77,130.4,65,37.21,357.8,102,66.68,0.5,15,8.81,8,false
FL,86,368,false,false,50,165.1,95,23.48,349.2,73,86.8,14.3,84,93.24,15.4,13,2.51,10,false
CA,4,143,true,true,9,279.4,111,9.23,18.2,84,64.45,376.4,168,10.83,10.7,0,3.49,7,true
PA,35,539,true,false,3,375.8,18,22.47,415.6,63,5.54,385.3,19,45.65,16.1,2,0.05,5,true
GA,176,641,true,true,49,320.0,171,2.69,433.7,36,39.36,303.1,174,94.33,5.4,6,8.98,2,false
VA,16,747,true,false,29,242.2,26,85.45,184.8,65,94.41,72.3,171,27.68,10.4,6,5.31,7,true
TX,120,377,true,false,9,493.5,64,12.03,411.7,194,4.64,453.7,102,83.81,6.2,4,8.85,7,false
MS,173,130,true,false,42,440.4,0,80.26,105.3,48,10.96,274.3,108,16.97,0.4,4,9.5,6,true
CA,130,981,false,true,13,445.0,103,26.19,316.5,39,20.97,450.8,72,37.45,3.4,18,5.85,10,false
AL,136,494,false,false,33,52.5,83,45.81,332.5,159,45.27,322.4,194,35.86,18.9,12,8.38,2,false
CA,99,379,false,true,49,313.9,92,23.68,150.4,38,65.16,356.1,80,83.21,12.3,8,2.62,0,true
FL,65,221,false,true,12,487.9,143,42.55,59.9,87,5.51,397.0,77,23.23,16.4,7,5.39,2,false
ID,160,346,true,true,48,433.8,167,52.58,259.8,3,41.46,397.4,168,25.7,16.1,5,3.96,3,true
DC,57,43,true,false,38,153.7,53,93.24,302.2,154,36.96,183.8,4,56.67,11.5,18,5.48,2,false
FL,192,684,true,false,5,149.9,93,49.8,420.6,199,16.53,207.3,95,36.45,13.6,6,9.08,4,true
CA,159,376,true,true,14,54.4,81,29.5,343.4,147,13.49,462.4,52,68.65,14.9,18,2.1,9,true
AL,193,757,false,true,6,61.6,197,86.21,160.6,119,64.12,92.5,72,43.99,11.4,9,2.85,5,false
IL,61,320,true,false,34,468.7,114,11.51,171.2,92,81.95,241.5,191,14.54,7.1,17,2.94,5,false
GA,32,466,true,true,40,209.5,154,69.64,165.4,123,43.96,106.6,86,58.67,6.1,19,6.7,6,false
TX,155,162,false,true,24,367.3,142,22.89,95.9,137,93.48,421.1,92,21.64,3.2,4,1.77,10,true
OR,100,741,true,false,8,8.5,2,29.54,59.7,27,63.03,422.6,65,21.7,10.0,9,9.1,9,false
OH,92,876,false,false,17,27.8,200,30.96,170.9,23,91.66,232.5,51,50.5,14.4,16,4.86,10,false
MN,81,743,false,false,23,335.9,140,24.38,36.9,81,98.22,288.4,95,42.64,17.1,3,3.12,1,false
WA,75,563,false,true,46,413.4,37,28.41,232.2,35,77.79,173.2,156,43.22,0.2,10,2.39,4,true
NY,90,415,false,false,33,478.5,72,24.31,6.2,26,50.51,492.3,131,79.24,12.9,10,2.18,7,false
OH,91,433,true,true,31,83.2,154,91.17,132.3,61,96.53,128.9,140,67.17,6.4,18,5.2,7,true
NC,124,469,false,true,13,118.2,91,83.98,393.9,14,85.68,132.5,185,25.34,15.8,2,6.07,3,false
TX,1,622,true,true,50,355.0,170,90.68,119.9,129,35.67,48.5,60,74.67,11.6,10,8.95,6,false
VA,166,527,true,true,25,377.3,1,64.34,125.8,198,2.23,16.5,110,48.64,1.8,7,4.61,6,false
IN,58,184,true,true,4,161.0,2,81.12,317.4,110,33.41,221.9,2,22.87,7.6,3,7.67,5,true
WA,194,50,true,true,46,67.3,136,10.06,172.7,132,29.19,175.9,165,0.72,7.4,19,5.11,4,true
AL,140,968,true,false,47,474.3,151,78.26,359.3,195,70.91,164.1,99,69.71,2.5,0,5.8,5,true
CA,140,326,false,false,11,410.9,61,33.14,403.4,175,68.9,143.2,94,10.04,5.8,0,4.22,6,false
FL,191,264,true,true,14,469.8,115,31.21,295.7,94,76.48,122.9,48,27.82,8.5,9,5.32,7,true
WI,149,310,true,true,41,134.0,174,16.44,150.9,157,35.0,225.2,99,18.35,14.8,19,3.78,5,true
IA,155,239,false,true,44,489.9,62,63.34,283.6,112,81.06,177.2,196,87.2,0.1,13,8.6,6,true
GA,152,875,true,false,31,367.7,162,21.25,82.6,89,28.32,167.7,78,28.75,1.2,9,8.72,10,false
NY,118,183,false,false,49,449.6,26,40.03,450.4,62,99.51,118.4,101,71.59,9.4,9,9.69,10,true
SC,170,759,false,false,36,206.8,127,5.44,18.2,189,56.95,277.6,96,26.07,16.7,11,3.86,1,false
FL,132,488,true,false,5,239.7,74,0.4,21.2,196,41.24,294.6,170,18.6,17.2,13,9.3,3,false
GA,31,2,true,true,18,155.6,162,26.21,396.7,77,96.0,443.6,50,59.6,3.9,2,2.03,10,false
TX,187,884,true,false,14,367.5,43,59.18,307.7,185,19.39,290.7,106,10.96,1.1,11,6.1,10,true
NE,156,123,false,true,11,47.7,84,9.74,413.6,54,29.78,325.6,188,26.72,8.0,4,9.87,2,false
CT,16,56,true,true,10,6.3,35,51.77,295.3,19,89.58,444.3,65,95.08,7.0,19,0.5,6,false
FL,160,875,false,false,25,392.3,129,73.77,20.2,135,51.48,204.3,102,10.0,2.9,10,8.04,9,true
DC,170,6,true,true,19,85.3,105,10.07,43.2,182,36.79,30.0,182,74.5,12.8,11,7.87,6,true
TX,8,899,true,true,13,151.0,188,24.29,83.6,174,71.52,350.1,93,46.63,7.7,10,1.11,6,true
MS,57,610,true,false,23,353.8,5,27.85,205.0,150,67.46,351.5,26,81.55,2.0,7,2.32,3,true
MO,4,716,true,true,12,63.4,61,17.38,198.7,103,28.55,250.1,63,75.95,12.0,19,0.3,10,false
CT,42,67,true,true,46,344.7,89,17.75,45.3,65,34.16,103.8,149,23.85,13.6,14,8.48,4,false
KS,26,560,false,false,29,45.0,85,81.71,398.7,140,64.05,60.9,194,91.55,6.5,14,5.26,9,false
UT,41,50,false,true,42,427.2,195,83.1,34.5,48,62.71,190.4,91,71.34,18.1,13,1.14,7,false
AZ,63,575,true,false,28,383.1,6,95.75,442.4,109,90.15,461.8,86,42.27,8.4,5,3.26,0,true
TX,75,638,true,true,48,449.9,163,72.42,74.8,48,95.09,21.2,182,82.8,8.9,5,7.84,4,false
DC,63,191,false,false,1,4.1,6,35.57,348.0,92,19.99,87.4,161,42.98,19.4,6,8.16,4,true
TX,192,245,true,true,23,9.8,60,11.35,96.9,64,51.25,425.0,170,37.81,17.7,11,1.27,7,false
NV,79,307,true,false,31,476.3,75,54.32,68.7,189,58.2,400.6,150,88.02,0.1,14,7.74,2,true
WA,132,707,false,true,45,43.9,186,3.38,53.2,86,94.51,29.1,56,86.82,18.2,13,7.06,4,false
TX,125,845,false,false,31,239.8,167,59.52,266.5,122,50.44,226.5,85,23.68,13.7,15,9.65,3,false
CA,6,345,false,true,13,130.4,109,45.46,488.7,127,22.7,281.3,49,20.49,2.8,6,5.71,5,true
AL,69,644,false,false,18,490.5,41,23.05,44.7,143,52.11,451.5,119,99.16,5.7,17,3.28,4,false
PA,63,96,false,true,3,77.3,85,45.92,216.9,58,6.11,245.9,160,54.98,8.8,9,8.23,8,true
CA,195,343,true,true,23,394.4,49,91.65,470.6,24,20.06,459.3,62,24.52,7.6,6,4.46,10,false
OR,73,574,false,true,15,101.9,32,74.98,320.7,120,72.09,423.9,24,81.05,0.5,7,9.08,4,false
CT,23,0,false,true,29,455.8,144,53.44,168.4,34,76.25,294.3,35,63.34,9.1,0,5.05,9,false
CA,21,981,true,false,39,413.5,116,1.74,219.1,112,85.8,70.4,78,66.18,1.9,15,6.98,5,true
CA,126,181,false,false,5,439.2,47,14.85,412.4,48,23.95,128.3,85,76.39,15.6,7,9.38,0,true
WA,110,11,true,true,1,221.8,45,75.13,150.9,172,10.85,15.3,111,39.54,18.7,8,7.09,3,false
TX,54,779,true,false,11,229.0,45,92.98,185.1,132,0.44,412.5,98,67.3,5.2,9,4.52,7,true
IN,25,460,false,false,46,385.8,30,59.68,481.9,169,74.28,393.9,31,99.8,10.2,15,8.93,3,false
TN,34,968,false,true,2,13.3,152,32.58,256.1,120,69.57,63.2,155,28.73,19.6,20,7.95,9,false
TX,160,306,true,true,2,272.2,86,45.12,197.3,150,36.59,329.4,55,32.3,11.0,1,9.33,5,true
DC,170,351,false,false,33,50.3,155,43.84,296.5,89,71.74,217.1,181,59.54,9.4,17,3.6,9,true
CA,27,627,true,false,22,155.7,97,5.36,233.8,37,29.24,497.8,141,28.63,6.4,0,3.7,6,false
MA,179,549,true,false,12,319.2,40,81.53,167.7,51,57.26,240.5,106,38.24,16.3,18,2.9,0,true
FL,19,569,true,false,19,421.2,185,63.09,187.1,174,25.39,128.3,111,10.36,9.7,8,3.13,10,false
IL,92,539,false,false,8,464.6,57,56.31,332.9,172,7.41,41.8,10,17.7,6.4,13,4.1,2,false
KS,9,296,false,false,37,390.3,114,20.07,339.5,178,94.05,437.5,159,68.42,0.5,16,0.9,8,false
FL,87,868,false,false,8,159.1,84,19.59,461.9,131,15.01,459.0,155,51.69,17.0,18,3.68,9,true
DC,40,251,true,true,44,474.9,67,80.75,299.9,196,4.54,236.0,121,80.86,16.8,1,1.82,0,false
WA,182,845,true,true,48,11.6,34,43.25,450.6,17,17.1,271.1,154,92.51,13.1,18,5.0,1,false
NY,37,24,false,false,42,487.8,153,73.82,295.5,152,84.86,128.3,198,20.71,1.0,6,6.5,6,true
OH,191,426,false,true,18,151.8,151,12.04,489.0,80,57.54,95.7,134,57.27,8.9,10,7.28,3,false
WA,29,221,false,false,48,297.7,150,81.59,387.1,175,43.15,217.4,184,2.51,1.8,8,8.14,5,false
AZ,137,825,true,true,5,63.0,21,62.46,92.4,53,16.47,31.3,111,54.92,14.3,0,6.09,9,false
FL,133,502,false,false,36,267.5,36,51.85,1.9,53,43.14,91.4,54,84.33,18.0,6,2.1,3,false
CO,149,939,false,true,27,365.7,190,86.51,366.9,2,90.4,160.5,197,45.16,10.9,1,6.58,3,false
LA,35,938,false,true,20,106.2,194,14.89,53.6,79,8.39,102.5,53,25.96,8.4,4,5.58,5,false
IN,38,695,true,true,36,349.9,17,41.28,443.2,117,14.93,87.5,144,41.91,18.8,2,3.82,0,true
TX,180,332,false,true,46,357.9,138,54.25,36.4,49,37.77,23.1,129,92.74,2.6,15,4.09,3,false
FL,38,743,true,true,25,86.3,47,13.57,261.5,54,1.51,124.4,144,60.28,6.6,18,5.38,3,true
NY,33,579,false,false,23,463.9,108,67.71,9.6,194,85.18,396.2,87,18.42,11.0,15,3.48,1,true
NM,86,921,false,false,26,259.5,2,4.25,70.5,3,95.64,389.2,186,57.11,3.2,3,5.32,0,true
VA,21,366,false,true,32,359.8,191,54.47,41.1,178,67.7,126.0,22,53.86,10.1,7,0.36,2,true
DC,180,159,true,true,34,72.2,32,48.22,239.1,126,5.37,102.5,141,51.5,12.6,1,5.43,3,true
TX,156,527,true,true,11,468.6,7,8.57,133.6,194,12.34,361.5,59,11.5,2.7,2,6.84,1,true
TX,189,9,true,false,27,63.7,23,86.52,353.9,23,44.0,482.8,120,47.21,15.2,18,8.23,6,true
PA,93,358,true,false,10,357.1,75,32.42,65.6,33,53.64,332.3,83,63.55,7.1,14,5.79,2,false
OH,66,51,true,true,0,481.1,67,68.1,251.5,178,35.26,225.1,95,17.13,9.4,10,6.74,0,true
CA,86,145,false,true,25,17.9,144,47.07,6.0,109,85.79,471.6,197,82.22,16.1,13,1.11,0,true
UT,127,225,true,false,7,436.2,105,46.0,241.6,136,53.24,154.4,145,95.68,7.4,16,7.29,1,true
TX,174,449,false,false,16,110.8,127,14.13,306.9,2,75.83,176.1,36,9.86,18.9,6,9.1,9,false
MD,55,85,false,false,34,449.4,188,49.43,125.1,78,16.67,373.3,168,87.51,3.4,3,1.62,10,true
KS,191,1,true,false,23,336.8,95,49.56,408.1,139,14.33,339.3,80,5.87,4.0,9,7.76,8,false
PA,171,58,true,true,35,283.9,190,94.29,119.2,117,28.26,31.9,157,77.34,19.4,6,0.44,5,false
FL,124,417,true,true,42,62.2,39,17.21,147.6,157,77.24,247.8,92,70.14,10.6,7,1.58,4,false
FL,136,416,false,true,21,381.7,159,44.42,388.1,95,9.38,266.2,168,13.43,5.7,11,2.33,0,false
MN,58,174,true,true,39,427.6,196,37.49,490.6,176,20.78,410.3,60,70.53,14.2,4,1.5,2,false
TX,118,324,true,false,41,354.6,193,18.02,72.3,171,93.03,499.6,39,70.91,7.9,8,2.23,9,false
GA,195,530,false,true,24,65.0,177,26.72,374.3,40,75.21,251.8,35,55.21,18.4,12,3.08,8,true
FL,1,861,false,true,12,252.3,156,16.68,140.8,62,56.72,57.8,54,68.11,1.4,19,3.54,6,false
FL,127,446,true,false,20,334.6,34,27.74,306.0,82,25.93,242.8,185,3.34,4.7,8,4.23,2,true
TX,154,56,true,false,43,328.3,80,29.69,215.0,73,43.69,238.3,161,55.52,7.3,10,1.79,2,true
CA,143,429,false,false,44,198.7,116,33.47,35.2,164,16.52,29.3,22,66.04,11.4,17,7.04,7,true
AK,35,650,true,false,25,278.9,148,43.73,237.6,26,0.81,494.7,144,53.27,17.4,10,9.66,5,true
TX,48,469,false,true,26,289.2,43,48.7,65.9,58,96.74,458.7,161,82.79,1.5,20,5.77,1,true
NY,179,533,false,false,20,77.7,117,93.58,306.2,65,20.4,135.5,171,15.8,17.4,9,9.86,9,false
KS,92,939,false,true,22,480.4,141,47.69,358.6,36,18.75,29.8,15,78.59,1.0,17,8.61,4,true
MN,57,764,false,true,49,146.0,20,78.86,230.2,175,87.74,480.5,167,43.22,6.0,7,9.83,8,false
MA,66,504,true,true,46,176.8,144,65.35,185.0,1,28.57,55.7,116,61.03,1.8,12,2.25,9,true
VA,130,766,false,true,36,109.8,176,47.61,371.0,104,73.89,132.2,47,13.73,6.3,18,9.26,10,true
TN,190,705,false,false,20,84.9,65,66.6,397.7,168,26.91,73.0,20,26.79,15.9,10,3.61,3,false
NY,62,846,false,true,33,156.7,193,60.01,387.1,18,55.2,452.0,97,87.16,2.3,1,9.33,10,true
IN,156,740,true,false,35,15.6,28,5.64,434.8,37,82.89,259.0,25,61.38,14.8,13,6.54,10,true
IL,186,661,false,false,8,232.9,103,25.94,248.3,103,92.84,191.9,40,0.59,11.2,10,6.59,2,false
MN,85,527,true,true,10,61.5,34,68.19,438.0,43,2.1,468.2,95,66.55,17.3,2,5.69,10,true
IL,41,701,true,false,36,213.8,128,69.26,92.5,173,66.79,497.2,175,47.08,17.2,2,1.13,0,false
NY,61,462,true,true,29,323.6,152,72.22,92.8,157,12.39,280.1,97,34.05,6.0,19,8.86,3,true
PA,68,788,false,true,46,479.8,146,43.1,388.3,60,48.01,110.1,154,0.69,4.2,10,1.73,9,false
